heure_estimee,complexite,priorite,tache,experience_technicien,meteo,saison,duree_reelle
4,1,4,25,1.77,0,1,0.5
2,2,1,7,1.79,3,0,6.13
1,3,3,8,1.62,3,0,4.86
1,2,1,7,1.69,1,2,3.19
1,3,1,4,1.43,3,2,6.6
3,1,1,11,0.57,1,0,2.93
3,3,1,15,1.86,3,3,10.15
1,3,3,25,1.29,2,0,3.04
3,3,3,22,0.68,3,0,6.12
1,2,4,11,0.58,2,0,2.94
1,2,2,19,0.5,0,0,0.94
4,2,2,17,1.69,0,0,2.59
3,1,4,6,0.72,1,3,5.06
3,3,3,11,0.78,3,3,9.46
3,1,3,8,0.89,0,3,4.73
2,1,3,13,1.17,1,0,2.37
3,3,1,1,1.45,2,0,5.37
3,2,2,23,1.78,0,2,3.24
3,3,3,6,1.18,2,1,3.79
4,3,4,9,1.51,3,3,10.14
4,1,4,21,1.43,1,0,1.17
3,1,3,2,1.79,2,1,2.68
1,3,1,21,1.68,3,0,4.32
2,2,4,8,1.03,2,2,5.91
1,1,4,17,1.1,0,3,0.5
2,3,2,16,0.97,0,3,3.07
4,2,1,3,0.81,0,1,1.19
2,2,2,17,1.3,0,1,0.5
4,3,2,10,0.62,3,1,7.74
3,2,4,13,0.63,3,2,5.49
4,1,3,9,1.6,0,3,4.5
3,2,2,20,0.58,3,0,6.65
4,3,4,7,0.8,3,0,6.48
4,2,3,8,0.68,0,3,6.33
1,2,1,25,1.32,1,3,3.04
1,3,3,6,0.99,3,0,5.89
4,1,1,9,0.56,0,0,4.54
2,2,3,11,1.09,3,3,6.8
1,3,2,6,1.17,2,0,2.99
2,2,4,9,1.81,2,0,2.79
4,1,4,16,1.32,1,1,1.44
4,1,2,17,0.59,0,1,2.46
3,2,4,10,1.27,2,1,1.98
3,3,1,0,1.94,2,2,7.56
2,3,1,19,0.99,3,3,8.52
1,3,4,10,1.57,2,2,2.91
3,3,1,15,0.75,2,1,6.56
1,3,2,13,1.95,0,0,1.62
4,2,4,10,1.69,0,1,0.5
1,1,2,13,0.78,0,0,0.5
3,3,2,19,1.32,0,1,0.78
3,2,4,8,0.54,2,0,4.17
4,3,1,8,0.53,2,1,7.18
1,3,4,25,1.63,3,1,4.35
3,3,2,24,1.0,2,2,6.32
1,3,3,7,1.12,0,0,0.5
3,1,1,0,0.59,0,1,0.54
2,1,4,3,1.8,3,0,4.44
4,3,2,25,1.92,0,3,6.21
1,2,3,2,0.53,3,1,4.48
2,3,1,16,1.93,1,1,1.34
4,3,4,13,1.91,3,3,9.63
1,3,2,24,0.73,1,3,5.54
3,1,1,9,0.79,0,0,2.62
1,2,2,18,0.98,0,0,0.5
2,3,2,11,1.49,2,3,5.33
1,2,4,14,1.86,2,0,0.89
4,1,2,20,0.76,3,3,9.05
2,1,2,17,0.83,3,2,6.51
4,3,2,0,1.11,1,1,4.14
3,1,3,23,0.86,1,3,5.65
1,3,4,14,0.88,1,2,2.84
3,1,4,25,0.8,3,1,2.61
4,1,1,23,1.22,1,0,2.35
4,3,3,18,1.3,0,1,3.04
3,3,3,20,0.85,0,1,2.42
3,1,4,3,1.67,3,2,6.17
4,1,2,11,1.16,0,2,4.87
4,2,3,15,1.01,1,1,1.83
1,3,4,6,1.68,2,2,4.64
3,3,2,13,1.34,1,3,7.17
4,2,3,19,1.02,3,1,5.66
2,1,4,8,1.8,2,1,2.01
2,3,3,15,0.96,1,0,1.84
2,2,2,1,0.59,3,2,6.1
1,1,2,24,0.58,0,1,0.5
1,2,1,9,1.8,0,2,2.22
3,3,4,23,1.21,2,0,6.4
2,2,4,8,1.92,3,0,2.71
1,2,4,4,1.26,0,2,1.59
1,3,1,14,1.52,3,2,4.76
2,2,2,2,1.59,2,2,6.07
2,1,4,22,0.75,0,0,0.5
4,3,2,16,0.95,2,1,5.83
4,1,4,5,1.57,0,1,1.26
3,1,2,8,1.54,1,3,2.78
2,3,1,17,1.29,2,3,5.53
3,3,4,0,1.83,2,2,5.61
1,3,3,14,1.61,3,2,4.98
3,2,1,25,0.78,0,1,2.86
1,3,1,24,0.62,3,2,7.21
3,3,1,10,1.9,1,3,6.11
4,2,1,22,0.52,3,3,9.42
4,3,3,12,1.96,3,1,6.68
1,2,3,6,0.67,1,3,4.22
2,2,2,19,1.52,3,1,3.07
2,2,4,20,1.58,3,2,5.3
2,1,3,24,1.78,2,3,4.32
4,1,2,8,1.38,0,0,3.25
1,2,1,23,0.51,0,2,0.95
1,3,3,13,1.76,0,1,0.5
4,1,1,12,1.41,2,0,4.41
2,1,3,15,1.94,2,0,2.56
4,3,2,1,1.32,1,1,3.69
1,3,4,12,0.51,3,2,5.03
3,2,4,19,1.62,3,0,6.0
4,2,2,9,1.94,3,2,7.52
1,2,2,2,1.07,0,0,0.5
2,1,2,0,1.54,1,3,2.47
4,3,3,7,1.2,2,1,6.6
3,2,3,14,1.47,2,3,5.91
4,3,3,3,1.25,1,0,3.09
3,1,3,21,0.72,3,0,6.52
1,3,2,19,1.89,1,3,2.4
1,3,3,8,0.53,2,0,2.59
1,2,2,9,1.67,2,2,4.62
2,3,4,1,1.16,0,3,1.8
3,1,4,4,0.52,1,2,1.99
1,3,4,21,1.15,0,3,3.48
3,3,3,0,0.64,1,1,1.96
4,2,3,25,1.47,1,2,4.46
3,2,3,21,1.48,2,0,3.34
3,3,2,21,1.66,3,2,7.16
3,2,3,6,0.67,3,1,3.65
3,2,3,23,1.14,0,0,2.4
2,3,2,15,1.73,0,1,0.82
1,1,1,11,1.46,0,1,0.5
3,2,2,12,1.6,0,3,2.93
3,3,2,24,1.38,1,2,6.02
1,2,1,7,1.23,2,1,3.0
2,3,4,1,1.55,2,3,5.21
3,2,3,17,1.13,2,0,4.87
3,2,2,22,1.35,3,2,8.21
1,2,2,24,1.3,1,1,0.5
4,3,2,7,0.6,2,1,6.72
1,3,1,13,1.94,0,0,0.5
2,3,1,14,0.96,1,1,0.89
4,2,3,20,1.95,0,2,2.09
1,3,3,0,1.69,2,3,5.91
2,1,4,19,0.67,1,0,2.4
1,3,4,17,1.58,0,2,0.93
2,1,3,17,1.56,1,3,4.21
4,2,1,23,1.49,1,1,3.86
4,1,3,19,0.87,2,0,4.7
3,3,1,6,1.76,2,1,5.44
2,2,4,18,0.81,0,2,0.96
4,3,1,18,1.45,3,2,9.12
3,3,4,4,0.63,0,3,3.11
2,2,4,23,1.8,3,0,4.84
1,3,3,21,1.25,2,1,1.22
4,1,1,13,0.74,0,3,6.27
1,1,2,2,1.7,0,2,0.5
1,3,4,23,1.38,3,2,5.91
2,1,1,22,1.34,1,3,4.7
2,1,3,23,1.37,0,1,0.5
2,2,4,11,1.77,2,0,4.46
1,3,4,1,0.83,2,0,3.85
3,1,2,25,1.64,2,3,6.41
1,2,4,4,0.91,3,2,6.01
4,1,1,21,0.88,0,1,2.94
3,3,1,1,1.52,0,2,3.33
4,2,4,5,1.64,3,0,7.11
3,3,3,21,1.92,3,0,4.76
2,1,4,18,1.77,0,1,0.5
1,1,4,17,1.43,1,0,0.5
1,1,2,16,1.0,2,0,1.89
1,1,3,24,1.29,1,3,0.87
1,3,4,0,0.69,2,1,2.25
2,2,3,9,1.88,2,3,6.32
2,3,4,19,0.54,2,2,4.51
4,1,2,10,0.53,2,2,5.47
1,1,3,2,1.27,2,2,3.49
1,1,3,18,1.13,3,1,1.53
2,2,1,25,1.9,2,0,3.66
4,3,1,2,1.01,1,1,3.34
3,2,4,13,1.68,2,0,4.73
3,1,1,20,0.55,1,1,3.41
3,3,2,23,1.91,0,2,4.38
2,3,3,1,1.18,1,0,2.95
3,2,2,13,0.93,1,3,6.28
1,1,1,15,1.33,3,0,2.77
3,2,2,1,0.72,3,1,3.88
4,1,2,1,1.69,1,2,4.3
1,1,2,4,1.84,1,1,0.5
4,3,4,1,1.46,2,2,8.21
2,1,4,22,0.98,1,0,0.5
1,3,1,5,1.85,0,0,1.14
3,2,2,3,1.8,2,3,8.12
3,3,1,15,1.46,1,3,5.07
2,2,2,20,1.17,3,2,5.11
1,3,2,7,0.92,2,1,3.53
3,2,1,17,1.63,0,2,1.8
4,2,3,5,0.86,3,0,8.28
3,3,3,22,1.58,1,2,5.35
3,2,3,11,0.51,2,1,3.48
4,3,1,7,0.74,2,0,6.39
2,1,3,12,1.77,0,3,0.98
4,3,3,14,1.15,2,2,8.5
2,2,4,5,1.4,2,3,6.16
3,2,3,22,0.55,3,2,6.44
1,2,4,24,1.87,2,0,1.48
4,3,4,2,1.7,1,2,6.11
4,3,1,15,1.72,0,0,2.37
2,1,3,25,1.27,1,2,2.04
4,2,2,15,1.1,1,1,3.66
4,2,4,13,0.62,2,2,6.5
3,2,2,0,1.69,1,1,2.16
3,3,1,1,1.94,2,0,4.31
1,2,1,9,1.72,0,2,1.63
3,2,4,20,1.73,0,3,2.32
4,2,3,11,0.69,3,3,9.15
3,2,1,22,1.87,3,3,7.12
2,2,4,19,0.66,2,1,1.66
2,2,4,1,1.75,1,3,2.25
2,3,3,15,1.94,2,1,4.15
4,1,1,6,1.92,0,3,3.12
2,3,3,10,0.83,2,0,6.12
3,2,4,6,1.91,3,1,4.67
1,2,4,15,1.96,1,0,0.5
3,2,1,25,1.47,3,1,4.95
1,2,3,14,1.0,3,0,3.29
4,3,1,23,0.75,2,2,7.06
2,3,3,18,0.51,0,3,3.32
1,2,1,10,0.61,2,0,2.44
3,2,3,10,1.45,3,0,4.46
4,3,4,0,1.0,1,1,3.72
4,1,1,16,0.84,0,1,1.09
4,2,1,1,1.17,3,3,8.72
1,3,4,20,0.9,2,0,2.41
2,2,2,10,1.82,2,3,7.06
4,1,1,9,1.68,2,1,5.83
3,3,2,2,1.52,3,2,8.07
4,2,1,21,1.92,1,2,3.72
1,2,2,24,1.91,0,1,0.5
4,2,4,20,1.36,3,1,6.17
2,1,4,3,1.56,1,1,0.5
1,2,1,6,1.95,0,1,0.5
3,1,2,7,1.82,2,1,2.45
1,3,1,19,0.63,2,3,7.64
4,2,2,16,1.21,3,1,6.28
4,1,4,20,1.25,1,1,2.29
2,2,1,3,0.67,0,1,1.52
1,3,2,21,0.75,1,0,2.64
2,3,3,12,0.94,0,2,2.85
1,3,3,12,1.94,1,0,1.01
4,2,3,23,0.82,1,1,2.05
1,1,4,15,1.46,3,0,2.23
2,1,3,3,0.62,2,0,2.97
1,3,4,14,1.15,1,3,2.01
1,2,1,4,0.73,1,2,1.89
1,3,1,1,0.74,3,1,5.27
4,1,1,21,1.36,2,3,7.71
4,2,4,21,1.29,3,2,7.57
3,2,1,0,1.06,3,1,5.92
2,1,4,2,1.41,1,3,3.11
4,1,1,7,1.93,2,1,5.68
1,3,2,7,1.86,3,1,3.71
4,3,2,23,1.13,3,0,6.65
3,2,3,18,1.69,0,0,0.7
4,2,2,21,1.91,2,1,5.53
4,3,2,4,1.21,2,0,6.28
3,2,4,5,1.36,2,3,7.68
1,1,1,1,1.85,0,3,0.5
4,1,1,21,0.54,0,2,4.16
2,1,2,13,1.35,0,2,0.5
1,2,2,19,0.61,3,3,6.41
4,3,1,10,1.88,2,3,8.62
1,1,3,25,0.64,3,0,2.46
4,3,4,22,1.78,3,2,7.04
3,3,2,10,0.68,1,1,1.96
1,2,3,24,0.93,3,0,2.55
2,2,4,5,0.86,1,0,1.05
3,2,2,11,0.54,0,0,1.92
4,2,3,4,1.47,0,3,3.23
4,3,2,8,0.75,3,1,7.12
4,3,2,4,1.54,1,1,4.84
1,2,2,1,1.37,3,3,4.99
2,3,4,17,1.18,0,1,0.5
1,2,3,19,1.98,1,0,0.5
1,1,4,3,1.02,2,2,1.46
1,3,1,7,1.02,1,3,4.94
4,3,1,23,0.85,2,2,9.14
1,2,2,13,1.89,3,0,2.87
2,3,1,16,1.04,2,2,5.34
4,2,4,3,0.59,3,0,7.19
2,3,3,13,1.12,1,3,5.19
2,2,2,20,0.78,2,0,3.13
3,1,3,25,1.22,2,2,3.85
2,2,3,18,1.12,3,1,3.25
1,3,3,5,0.93,1,2,1.96
3,2,2,3,0.68,3,0,6.92
2,1,1,7,1.25,0,2,0.86
1,2,1,14,0.61,2,2,4.87
1,2,3,1,1.58,3,1,3.25
3,3,3,3,1.11,2,0,4.89
4,3,3,10,1.69,0,3,4.18
1,2,1,22,0.72,1,1,0.5
1,1,2,10,1.87,3,2,4.66
2,1,2,0,0.77,2,0,3.98
1,3,2,1,1.62,2,0,2.39
1,1,3,11,0.8,1,3,2.35
1,3,4,5,1.82,1,0,1.87
2,1,1,0,1.33,1,0,0.95
2,3,2,20,1.17,0,1,1.47
1,1,1,10,1.8,1,1,0.5
4,2,1,4,1.78,3,2,9.42
3,2,2,2,1.15,0,2,2.42
4,1,2,17,0.71,2,0,7.0
4,1,3,7,1.73,3,0,4.77
4,1,4,20,1.79,0,1,0.7
3,3,2,3,1.57,1,0,3.77
3,1,2,10,0.61,2,0,5.72
2,2,1,11,1.04,2,2,6.84
1,3,2,6,0.7,3,3,6.84
1,1,2,6,1.88,3,3,6.0
2,1,2,11,1.57,1,0,1.46
2,1,2,12,1.51,2,0,2.36
2,2,1,21,0.7,3,3,8.22
2,2,3,7,0.57,1,2,1.7
4,1,4,1,1.96,0,1,1.05
2,1,3,20,1.8,3,0,3.27
3,3,2,7,1.65,2,2,5.04
2,3,4,3,0.5,0,2,3.37
3,2,4,18,0.64,3,2,5.74
1,3,4,17,1.11,1,3,3.29
4,2,1,10,0.96,2,0,5.68
1,2,2,13,1.43,1,0,0.72
4,3,1,5,0.89,0,3,6.23
2,2,2,15,0.51,1,3,5.66
3,1,3,20,1.42,0,3,4.28
4,1,4,0,1.89,3,3,8.44
3,3,2,6,0.78,2,1,3.57
1,1,1,22,0.69,0,2,2.12
2,3,3,24,0.92,1,1,2.93
1,2,4,12,1.73,0,1,0.5
4,1,3,12,1.41,2,3,6.84
4,2,4,6,0.78,0,0,3.75
4,1,3,2,0.68,3,2,8.49
4,1,1,12,1.25,1,1,3.38
2,3,1,22,1.24,2,0,3.72
4,2,4,6,1.57,0,3,5.64
1,2,2,11,0.53,2,3,4.03
3,3,2,12,1.16,2,3,9.24
3,2,3,0,0.81,2,2,5.46
3,2,1,4,0.5,1,2,4.68
2,3,1,22,1.15,0,1,1.73
4,2,3,3,1.21,2,1,3.31
4,1,1,20,1.45,3,0,6.11
4,3,2,19,1.98,1,2,4.09
2,1,4,7,0.83,1,1,0.5
4,2,4,24,1.43,1,1,2.82
2,1,1,10,1.23,2,2,5.72
2,1,3,21,0.66,1,2,1.29
3,1,3,3,1.78,2,1,1.66
2,1,2,4,1.44,2,2,5.7
1,1,4,9,0.84,2,2,3.72
2,3,1,6,1.6,3,0,6.59
1,3,4,6,1.7,0,0,0.63
3,1,3,1,1.61,0,1,0.5
4,3,2,4,0.58,0,1,2.64
3,1,3,13,1.18,3,2,5.85
3,2,2,22,0.77,3,3,7.98
4,1,1,3,0.72,0,1,3.12
1,2,4,22,1.17,0,2,0.5
4,1,3,17,1.03,0,2,3.34
3,2,4,25,1.79,0,0,0.5
2,2,1,3,0.76,2,2,5.47
4,1,3,22,1.17,2,3,6.5
1,3,2,7,0.63,1,2,3.29
4,3,1,18,1.21,2,2,7.66
4,1,3,14,1.01,3,2,8.2
2,3,2,20,1.26,1,2,3.81
1,1,4,16,0.56,2,0,3.11
1,2,3,3,1.58,2,3,3.43
3,3,3,19,1.9,1,1,1.42
2,3,4,9,0.8,2,0,3.98
4,1,2,9,0.98,0,3,5.12
3,1,3,10,0.67,1,1,2.1
2,3,3,2,1.79,0,2,3.23
3,2,1,15,1.77,0,1,1.21
4,2,3,17,0.64,2,3,8.34
2,3,3,7,0.55,1,1,0.54
2,3,1,24,1.35,1,0,2.29
3,3,1,24,1.51,2,3,7.59
2,3,3,21,0.59,3,2,7.76
4,3,4,3,1.72,1,0,2.92
3,3,1,22,1.09,0,0,3.93
3,3,2,5,1.0,1,1,4.23
4,3,4,10,1.64,1,0,3.71
3,1,1,22,1.39,0,1,0.87
4,1,3,12,0.89,2,1,3.96
3,2,3,7,1.64,1,0,1.34
1,3,4,20,1.87,3,1,2.09
3,2,3,8,1.76,0,0,1.66
2,2,1,19,1.08,2,2,6.32
3,2,4,22,1.14,0,1,1.14
4,3,4,19,1.69,2,3,8.19
2,2,3,8,1.88,3,1,4.31
2,3,2,5,0.72,1,1,0.72
3,3,4,7,2.0,2,2,5.57
1,3,3,4,1.37,3,2,5.91
4,1,1,20,0.56,0,0,3.41
4,1,3,13,1.19,2,2,4.62
3,3,4,7,0.92,1,1,3.23
3,2,2,5,1.31,1,3,3.89
4,1,3,12,1.46,2,1,4.78
3,1,2,16,1.1,0,2,1.14
3,3,4,3,0.55,1,3,6.56
1,1,4,4,1.69,1,2,1.81
1,1,1,15,0.55,1,2,1.13
1,3,4,0,0.64,2,1,3.52
3,3,1,8,0.9,1,2,4.06
2,2,4,14,1.91,1,0,1.26
4,2,2,5,0.81,2,2,6.24
4,3,3,19,1.93,1,0,4.79
4,3,2,22,1.46,2,0,7.46
4,1,2,25,1.59,3,0,5.85
3,2,1,17,1.98,1,3,3.62
3,2,4,25,1.15,3,0,7.01
1,1,4,8,0.7,2,3,3.7
3,2,4,16,1.11,3,3,8.13
1,1,3,20,1.53,3,0,1.39
3,1,4,13,1.97,1,1,0.5
1,3,3,8,1.4,1,1,0.5
3,3,4,17,1.96,2,2,5.32
2,3,4,14,1.92,2,2,3.89
1,1,2,6,0.85,1,3,3.91
3,2,1,16,1.93,3,2,6.23
1,2,2,17,1.39,0,3,2.83
4,2,4,6,1.52,0,1,0.74
2,3,2,12,0.78,1,1,2.29
3,1,3,16,1.35,1,0,2.34
4,1,3,24,1.2,0,2,2.74
2,1,2,9,0.61,0,2,1.25
4,3,2,23,0.65,0,0,3.8
1,1,3,20,1.77,1,0,0.5
4,1,1,10,1.95,2,0,4.58
3,3,1,0,0.87,0,1,3.55
2,1,2,6,1.32,1,1,0.5
4,1,3,10,0.78,2,0,6.72
2,1,4,11,1.87,3,0,3.19
3,3,1,18,1.13,1,1,1.65
1,2,1,21,1.12,1,2,2.87
1,1,2,13,1.57,2,0,2.99
2,2,1,0,1.71,3,3,6.5
1,3,3,20,0.5,2,3,5.05
1,1,2,4,1.35,0,1,0.5
4,1,3,18,0.94,3,3,9.27
3,2,2,8,0.53,2,3,7.8
3,2,4,9,1.67,2,2,5.2
4,3,3,18,1.15,2,0,6.84
3,1,2,8,1.67,2,1,3.29
3,3,1,2,0.58,3,1,4.98
2,3,1,3,1.89,2,3,5.49
2,1,2,20,1.97,0,2,0.5
3,2,4,6,1.19,0,1,0.83
4,3,2,2,1.34,0,0,4.38
3,3,1,22,1.1,1,1,3.34
3,2,4,12,0.98,2,3,7.53
2,2,4,12,0.99,3,3,5.89
2,3,4,11,1.52,0,0,1.04
1,3,2,10,0.98,3,3,6.45
3,3,1,2,1.55,3,3,8.8
1,2,3,8,1.73,2,1,0.5
3,2,4,13,1.66,0,3,3.38
4,2,2,6,1.1,3,1,5.46
4,2,3,22,1.56,0,1,1.21
1,2,3,12,1.33,2,1,0.5
2,1,2,8,1.38,1,2,1.03
2,1,1,4,1.92,1,3,4.61
1,3,2,5,0.9,2,3,5.35
1,3,3,1,1.53,0,0,0.5
4,2,3,22,1.11,0,1,2.19
4,3,2,22,1.11,2,1,4.91
3,2,1,2,1.54,1,1,2.72
1,2,3,4,1.2,3,1,2.11
2,1,4,0,1.05,3,0,4.84
4,1,3,6,1.98,3,2,7.74
1,3,4,17,0.51,1,1,0.5
2,2,3,11,1.79,1,2,2.71
1,1,1,1,1.79,2,2,4.67
2,2,1,0,2.0,2,1,2.97
4,2,2,22,0.57,1,0,3.79
3,1,4,16,0.91,2,2,6.24
4,1,2,18,1.89,2,2,5.97
1,1,3,5,1.11,0,0,0.5
2,2,2,4,0.99,3,0,4.94
4,2,4,4,0.52,2,0,5.59
1,2,2,21,1.58,3,3,6.09
3,2,1,15,0.9,3,3,8.51
2,3,1,1,0.72,0,2,4.85
2,2,3,7,1.86,0,2,1.58
1,3,2,15,1.38,0,3,3.0
2,2,2,11,1.69,1,0,1.68
4,1,3,2,1.5,0,3,2.49
3,2,1,3,0.51,1,2,3.65
3,2,1,24,1.6,2,0,3.88
3,1,3,22,0.54,3,3,8.04
3,1,2,20,1.48,3,0,3.91
3,3,2,3,1.66,3,2,6.99
4,3,1,14,1.36,0,3,5.05
3,3,4,15,1.09,0,2,3.48
1,3,4,2,1.16,1,1,1.11
2,2,1,5,1.6,3,3,8.44
4,3,2,13,1.93,2,3,8.02
2,1,2,23,1.26,1,0,2.65
1,3,2,25,0.81,3,2,4.75
3,2,4,11,0.79,3,1,4.94
3,3,1,15,1.37,1,3,4.78
4,3,2,25,0.55,1,2,6.68
4,3,3,25,1.6,1,3,7.42
4,2,4,3,1.61,1,3,6.13
3,1,1,19,1.3,3,3,6.8
1,3,2,2,0.85,1,2,2.81
4,1,1,8,1.73,3,0,6.41
4,3,1,16,0.71,0,2,6.53
3,3,3,19,0.58,2,3,8.19
4,2,3,25,1.87,2,2,6.27
3,3,2,13,1.9,3,0,5.93
4,3,3,6,1.6,1,2,5.71
1,3,1,8,0.94,3,3,7.38
2,1,4,17,0.72,1,3,3.7
3,3,4,12,0.62,0,0,1.05
3,2,1,2,1.63,1,0,3.37
2,1,3,4,1.56,1,0,1.83
2,3,2,18,0.61,2,0,6.59
4,3,4,21,0.77,2,0,6.24
2,3,1,22,0.72,3,1,4.41
4,3,1,18,1.02,1,1,5.07
3,2,2,25,1.97,3,1,4.71
2,2,1,25,1.58,3,0,5.05
3,3,3,19,1.92,1,3,6.32
2,1,4,20,1.54,2,0,3.39
1,3,4,21,1.97,0,1,0.5
2,2,1,3,1.49,2,2,4.11
2,1,2,23,1.18,0,1,0.5
2,3,3,23,1.78,2,1,4.35
2,3,1,15,1.38,1,3,5.79
1,1,3,16,1.79,1,0,0.5
1,2,1,11,0.62,2,0,3.39
3,3,2,25,0.62,3,2,7.94
4,1,1,3,0.51,3,2,8.17
4,3,3,15,1.91,2,0,5.66
1,1,3,3,1.14,2,0,1.36
2,2,4,12,1.46,2,3,6.04
4,3,4,24,1.33,1,2,4.2
1,1,2,19,1.31,2,3,4.37
3,1,2,8,0.71,1,0,3.27
4,1,2,10,0.53,3,2,8.23
3,1,3,15,0.66,2,1,2.16
4,2,2,4,1.27,2,0,6.4
3,2,2,20,1.87,1,2,4.35
2,3,2,2,1.16,1,2,2.59
2,2,1,6,1.75,1,3,4.61
3,2,2,12,0.97,1,2,4.21
1,3,4,22,1.43,0,1,0.5
1,2,1,11,0.55,3,0,4.29
3,2,4,1,1.12,0,1,1.29
4,3,3,8,1.29,3,3,9.98
4,1,3,4,0.87,0,2,1.9
1,1,1,5,1.0,0,2,1.26
3,1,1,14,0.56,3,0,5.58
1,3,2,2,1.41,1,0,2.18
4,2,1,20,1.94,0,1,2.22
1,2,1,8,1.81,1,2,2.39
2,2,1,20,1.61,0,1,0.5
3,2,1,15,1.94,1,1,2.14
2,3,4,21,1.77,3,2,5.84
1,3,4,9,0.69,3,3,5.44
3,3,4,17,1.65,1,1,1.46
3,1,4,16,1.98,1,3,2.05
1,3,1,16,1.41,2,0,4.92
1,1,2,13,0.8,3,2,5.25
1,2,2,20,1.61,3,2,6.21
2,2,3,9,0.68,3,0,5.05
1,3,1,2,0.72,0,3,4.12
4,2,1,14,1.72,2,0,4.81
1,1,3,17,1.5,1,3,2.74
4,1,2,6,1.5,1,0,3.11
1,2,1,11,0.67,0,2,1.66
1,3,4,3,0.75,3,3,5.9
1,1,4,11,1.87,3,1,0.5
4,1,3,24,1.92,3,1,3.22
4,1,2,3,0.84,3,3,9.37
1,3,3,11,1.73,2,3,6.26
3,1,2,3,1.58,2,2,4.31
2,1,1,15,0.5,1,2,2.6
4,1,2,13,0.66,2,3,7.39
1,3,1,21,1.29,3,1,4.41
3,1,4,25,1.52,1,0,1.3
2,1,1,9,0.91,2,0,2.44
3,1,1,13,1.11,1,3,6.01
4,2,4,16,1.46,0,3,3.35
2,2,4,7,1.69,3,1,3.61
3,2,2,3,1.83,0,1,0.5
2,1,3,15,1.0,2,2,4.05
2,3,3,14,0.95,3,2,7.5
3,2,4,7,1.57,3,3,7.64
1,3,3,5,0.82,3,0,4.63
2,2,2,8,0.92,2,2,4.75
4,1,2,13,1.84,1,0,1.64
3,1,1,8,1.17,0,3,3.12
1,3,2,17,0.7,0,0,0.92
1,1,2,25,0.88,1,2,0.9
3,1,2,2,0.93,3,0,6.61
2,1,4,12,1.26,2,0,2.27
4,2,2,11,1.4,3,0,6.63
4,3,1,24,1.44,0,2,4.42
4,1,4,5,0.73,2,2,4.93
3,1,3,14,1.0,2,3,7.34
3,2,3,1,1.84,1,0,2.38
3,2,4,22,1.87,1,3,5.36
2,2,3,3,1.94,2,1,1.94
2,2,1,14,1.57,1,3,3.35
3,2,3,18,1.93,3,2,7.08
2,1,3,1,1.69,3,2,6.14
2,3,1,21,0.67,3,3,9.68
1,2,3,12,0.52,3,1,2.15
4,3,3,5,1.35,3,0,8.46
3,2,2,12,1.06,1,1,0.87
1,2,1,13,1.77,3,3,7.24
1,1,1,8,1.27,2,2,4.38
3,2,2,8,0.81,3,2,6.84
3,1,2,14,1.52,1,3,5.1
4,1,3,16,1.15,1,0,2.16
3,3,1,10,1.95,3,3,9.57
3,2,3,12,1.2,0,3,4.2
2,3,4,14,1.72,1,2,3.83
1,1,3,9,1.45,3,1,1.36
2,3,2,22,1.21,2,3,7.44
2,1,2,7,1.48,3,2,5.77
1,2,4,14,1.99,1,0,0.5
4,3,1,16,1.55,3,1,6.69
4,3,1,0,0.52,1,1,3.37
1,3,4,13,0.64,1,3,3.4
1,2,2,24,1.54,3,2,5.29
3,2,3,21,1.35,3,3,7.78
2,3,3,19,0.54,3,0,4.39
4,2,1,13,1.99,0,0,1.96
2,3,4,18,1.94,1,0,1.56
1,3,4,20,1.93,1,0,0.5
3,3,3,18,1.57,0,3,3.72
3,3,1,19,1.96,0,0,1.56
2,2,1,17,1.44,2,2,6.51
4,2,3,10,1.01,2,3,8.24
3,2,2,5,1.68,3,3,6.5
1,3,2,21,1.51,2,3,6.09
3,1,1,11,0.85,1,3,4.47
1,2,2,5,0.59,2,0,4.12
3,2,3,2,1.7,0,0,2.39
1,1,3,19,0.5,0,3,0.86
4,2,4,12,1.32,2,1,4.23
4,2,1,5,0.81,2,3,9.44
1,3,2,24,0.97,1,3,5.28
1,2,4,16,0.81,0,2,1.63
2,2,3,11,0.98,0,2,2.61
3,3,1,15,0.6,3,1,5.04
2,1,3,16,1.75,2,1,1.17
3,3,2,13,1.2,1,0,2.64
3,1,3,23,0.85,2,0,4.1
1,1,3,1,1.63,2,1,0.5
4,1,2,19,1.17,2,1,4.39
4,2,1,1,1.5,0,2,3.05
3,3,2,13,1.02,2,1,5.76
3,2,1,5,0.81,3,2,7.51
3,2,2,23,1.08,0,0,2.73
2,3,4,17,1.53,0,3,3.61
2,1,3,21,0.78,0,3,3.47
2,3,1,18,1.24,1,0,2.88
3,2,4,10,1.16,2,3,7.38
4,3,3,6,1.54,0,2,4.47
3,2,3,8,0.68,1,1,2.63
1,1,2,11,1.8,3,1,0.88
4,1,4,11,1.32,2,2,6.67
2,2,4,24,1.23,2,2,5.0
3,3,1,17,1.16,1,3,7.23
1,3,1,10,1.14,1,3,4.7
1,3,4,5,1.28,3,2,4.3
2,1,3,22,1.09,1,0,0.5
1,2,1,8,0.88,1,3,3.56
4,2,2,4,1.18,2,3,9.17
2,2,1,18,0.98,0,1,0.5
1,1,1,4,1.66,3,3,6.6
3,2,2,24,1.38,2,2,7.0
2,2,3,23,1.31,0,3,4.15
1,1,4,2,0.94,0,1,0.5
1,1,3,7,0.93,0,1,0.5
1,3,1,23,0.79,2,0,4.63
3,1,3,4,0.88,1,1,2.59
1,2,4,17,0.74,0,1,0.5
4,1,1,16,1.4,3,0,6.07
3,1,3,5,0.89,3,1,3.87
4,2,1,21,1.28,2,0,5.35
3,3,1,10,0.85,2,2,8.76
4,2,2,9,1.03,1,3,4.98
3,3,4,1,0.95,3,3,7.27
1,1,4,9,1.4,3,2,5.08
3,1,4,7,0.74,2,1,3.37
3,3,2,25,1.3,0,1,0.5
2,2,2,13,0.61,1,0,1.08
4,1,3,8,1.67,2,3,5.6
2,3,2,6,1.66,3,2,6.09
2,3,2,7,1.31,1,2,2.96
3,2,3,16,0.56,1,0,2.85
3,2,2,19,0.69,2,2,6.2
3,1,4,16,1.71,0,2,1.24
4,1,1,14,1.4,3,0,6.26
4,3,2,13,1.77,2,2,7.06
1,3,2,9,1.48,2,3,4.88
2,3,2,2,1.6,3,1,4.49
3,3,3,6,1.78,2,3,6.66
4,2,1,11,1.55,3,1,5.37
4,1,1,17,1.94,2,0,4.3
2,1,3,2,0.78,3,3,6.33
1,2,2,14,1.54,0,1,0.5
3,2,2,23,1.96,1,2,2.96
1,2,2,14,0.63,2,0,3.55
4,1,2,13,1.88,2,0,5.8
3,3,1,0,1.6,0,3,4.72
1,1,2,17,1.9,3,2,4.79
4,2,4,8,0.67,2,0,6.16
2,2,2,2,1.35,3,3,7.53
3,1,2,7,1.92,0,2,1.06
2,3,4,5,1.97,0,0,1.32
2,2,4,23,0.64,3,0,5.21
3,1,1,21,0.71,3,2,7.5
3,2,4,21,1.34,1,1,0.5
4,2,4,13,1.0,2,0,4.27
3,1,4,19,0.88,1,1,0.5
2,1,2,8,1.51,1,3,3.65
4,3,1,9,1.95,0,1,4.05
1,2,4,7,1.01,3,0,2.09
1,1,3,24,1.07,0,0,0.5
2,3,3,4,1.96,0,3,1.77
1,2,4,23,0.94,0,2,1.3
1,2,3,17,1.0,3,0,3.9
4,3,2,13,1.9,2,1,6.45
3,1,3,24,1.99,3,2,4.94
2,2,3,17,0.79,0,2,3.36
2,2,1,7,0.56,2,3,8.09
3,2,2,18,1.11,1,2,4.99
3,3,2,14,1.44,3,1,4.75
4,3,1,24,1.47,2,2,9.19
1,2,3,17,1.17,2,1,2.46
3,1,4,3,0.86,0,3,4.33
2,1,1,11,0.61,0,0,2.51
3,1,3,13,1.98,1,2,1.48
3,2,3,11,0.65,2,2,5.0
1,2,2,17,1.27,3,2,5.4
1,3,2,22,0.84,2,2,5.79
4,1,4,8,0.84,3,2,5.73
2,2,2,19,1.04,3,2,5.36
2,1,4,0,1.55,0,0,0.82
2,1,1,1,0.95,0,2,1.54
3,1,3,7,1.56,0,0,1.13
1,1,4,7,1.52,0,2,0.5
3,1,4,18,1.82,0,1,0.5
4,3,3,14,0.75,1,3,7.24
1,2,1,4,1.32,3,1,2.42
3,3,4,24,1.62,0,3,4.57
2,3,1,21,0.87,3,2,7.99
4,1,2,8,1.39,1,2,3.79
1,3,2,3,0.78,3,2,5.35
4,2,1,20,0.93,0,3,6.6
3,2,4,25,0.52,2,2,5.95
2,1,2,15,0.93,2,2,4.18
2,3,1,17,1.86,1,1,1.52
4,1,3,17,0.74,1,2,2.96
1,3,1,23,1.03,0,2,3.51
1,3,2,13,0.68,0,3,2.06
4,2,3,12,1.31,0,2,5.12
4,3,2,12,1.18,0,0,5.28
2,1,3,13,1.43,0,3,0.81
4,3,4,7,1.4,0,1,1.08
2,1,2,18,0.95,2,0,2.84
4,2,3,2,1.11,0,0,2.56
1,2,3,22,0.91,2,3,4.0
1,1,2,5,1.35,2,0,2.88
2,1,1,1,1.41,3,1,5.01
3,1,4,22,0.86,0,2,1.77
4,3,4,22,1.51,1,0,5.14
4,2,3,25,1.26,2,3,8.51
3,1,2,7,1.03,2,1,3.15
2,3,2,9,1.43,3,2,7.5
3,3,2,13,0.78,0,0,2.43
3,2,4,22,1.64,2,1,2.64
3,3,1,14,1.71,0,1,0.86
3,2,4,22,0.7,0,1,0.5
1,1,4,7,1.53,1,3,1.67
3,3,1,9,1.87,2,2,5.77
4,1,2,0,1.23,2,0,4.08
4,1,1,2,1.01,3,1,5.06
4,3,4,11,1.71,3,3,10.21
1,3,1,18,1.61,3,0,5.56
2,1,1,22,0.88,0,0,0.97
3,1,3,21,1.06,2,3,5.95
2,2,4,11,1.59,0,2,1.69
3,2,3,23,1.85,3,3,6.59
1,1,3,25,1.91,2,0,2.52
3,1,2,20,0.56,0,0,0.85
3,2,1,5,0.83,2,1,3.95
3,1,3,19,1.91,2,2,5.21
3,2,1,19,1.62,3,0,5.25
1,2,1,6,0.85,0,1,0.5
4,3,1,24,1.74,0,2,3.73
4,2,1,10,0.63,2,1,4.79
2,1,4,5,1.41,3,3,6.37
4,2,3,11,0.64,3,2,7.13
3,1,3,19,1.1,3,1,3.61
1,2,4,0,1.02,1,1,0.5
1,3,2,3,1.53,2,3,4.74
2,2,1,4,0.9,0,1,0.5
3,3,1,7,1.36,2,1,5.21
1,2,2,6,1.12,0,1,0.5
3,2,1,25,1.38,3,3,7.2
1,3,4,12,0.54,1,3,3.34
2,2,1,16,0.7,0,3,2.68
2,3,3,12,0.66,0,2,3.62
3,1,4,11,1.33,3,3,7.5
1,3,1,14,1.77,0,1,0.56
2,1,2,1,0.59,2,0,2.27
1,1,1,15,0.62,3,2,4.04
4,1,2,25,0.53,3,3,9.62
4,2,4,0,1.94,2,2,5.74
2,3,3,23,1.15,0,0,2.92
4,2,2,21,1.95,0,1,2.52
2,1,3,4,0.77,3,0,4.54
4,2,1,14,0.92,3,3,8.42
4,3,4,25,1.13,0,2,2.83
3,1,2,10,1.37,3,3,7.02
4,1,2,18,1.1,0,0,1.21
1,2,2,25,1.35,3,1,2.59
3,2,4,22,1.82,2,2,6.36
4,1,2,25,1.28,0,0,2.46
4,1,3,24,1.74,1,3,3.91
2,2,1,25,1.55,0,2,0.75
1,3,3,21,1.04,2,1,3.69
3,2,2,18,1.99,1,3,5.48
4,3,4,13,1.95,1,0,2.93
1,2,3,5,1.66,1,3,1.11
1,2,2,4,0.9,0,0,1.39
1,2,4,2,1.86,2,0,1.17
1,3,3,5,1.6,1,2,2.18
3,2,4,6,0.52,2,2,5.69
3,1,4,22,0.77,0,1,0.5
4,2,3,4,1.78,0,0,3.11
4,3,1,14,1.39,1,0,5.96
3,1,2,9,1.7,1,0,3.13
3,3,3,10,1.97,0,1,0.66
3,3,1,16,1.38,3,3,8.37
2,2,1,10,1.36,1,1,1.46
1,1,2,12,1.72,1,3,0.57
4,2,1,2,1.58,0,2,4.27
2,1,3,9,0.94,3,0,2.83
3,3,2,21,1.38,0,0,2.57
4,2,4,16,0.76,2,2,6.97
2,3,3,25,1.92,3,0,6.53
2,3,3,17,1.7,2,0,4.54
1,3,2,1,1.33,1,1,0.5
3,2,2,7,1.77,1,3,5.52
2,2,2,19,1.68,2,2,4.39
3,2,1,2,1.67,1,0,3.53
3,1,4,24,0.69,1,1,1.12
4,3,2,20,1.43,3,2,7.69
4,3,4,15,1.46,2,1,3.6
1,2,3,18,0.8,0,2,2.42
4,3,4,9,1.15,2,2,6.88
1,2,1,25,1.37,0,3,1.32
4,3,1,14,1.64,1,0,6.27
3,3,1,3,1.93,0,0,3.03
2,1,1,22,1.57,2,1,3.58
2,1,4,13,0.88,2,0,2.22
1,1,4,2,0.84,1,3,0.95
4,3,4,11,1.76,2,1,3.51
4,2,4,13,1.89,2,3,6.46
3,3,4,13,0.53,2,2,5.17
3,2,2,21,1.05,3,2,6.03
4,3,4,0,1.89,1,2,5.34
1,1,1,25,0.72,0,2,0.5
3,2,1,15,1.06,1,1,0.98
3,1,3,19,0.61,2,3,7.11
2,1,1,8,1.99,2,1,1.5
2,3,2,22,1.55,1,0,3.72
2,3,4,7,1.83,1,3,4.03
2,1,1,9,1.77,0,1,0.5
1,3,1,16,0.81,1,1,1.05
4,1,1,17,1.95,3,0,6.09
4,3,3,6,1.13,0,3,6.12
4,1,2,1,1.54,0,1,1.96
1,3,1,6,1.9,3,0,5.22
4,3,3,24,1.41,1,1,3.95
1,2,1,20,1.67,3,2,4.16
4,2,3,22,1.09,0,1,1.07
3,2,1,13,0.57,3,0,5.86
2,2,3,1,1.6,1,0,0.85
2,1,4,19,1.01,2,2,5.23
1,3,1,7,1.91,2,3,5.74
2,1,4,4,1.28,3,1,4.09
2,1,1,7,1.67,3,3,6.68
3,1,1,5,1.66,3,3,6.39
4,3,2,21,1.75,2,2,8.84
3,2,4,22,0.63,3,3,7.59
2,1,3,24,0.63,1,1,1.05
4,1,4,0,0.69,0,0,3.21
4,2,1,5,0.77,3,0,6.94
1,1,2,20,0.53,2,1,0.68
2,3,2,5,1.21,0,0,0.77
1,1,4,20,0.61,2,0,2.97
4,3,2,11,1.53,1,0,5.64
4,2,1,14,1.4,3,2,7.19
4,3,1,24,1.12,0,0,5.42
4,1,3,9,1.02,0,0,2.04
1,1,2,9,1.97,2,3,3.04
1,2,1,12,1.85,2,1,3.29
2,2,4,13,1.58,0,2,0.5
4,3,2,1,0.99,2,0,7.3
2,3,1,14,1.39,0,0,1.01
3,2,1,8,0.64,0,1,1.24
3,2,3,13,1.98,2,0,4.8
1,2,3,18,1.85,0,3,0.94
4,1,1,18,1.55,3,0,7.25
3,1,2,4,0.96,1,2,2.96
3,1,4,18,0.79,3,2,6.63
1,1,2,24,0.58,1,3,4.09
1,1,3,18,0.59,0,2,0.77
3,2,1,7,2.0,2,1,3.52
4,2,3,25,1.6,1,2,5.25
3,2,2,23,1.33,1,2,5.23
3,2,1,24,1.07,3,0,6.17
1,3,3,16,1.11,1,2,3.07
3,2,3,15,1.38,3,1,4.88
1,2,1,6,1.56,2,3,5.78
1,3,3,19,1.96,3,2,4.08
2,1,3,16,1.31,2,1,2.54
3,1,3,11,0.88,3,3,8.44
2,2,3,8,1.74,1,3,4.93
3,3,4,11,0.83,3,0,7.45
1,1,4,10,1.93,2,3,4.36
1,2,4,22,0.91,0,1,0.5
1,1,3,14,1.78,2,1,1.38
2,1,4,18,1.25,3,0,3.0
2,3,4,3,0.6,0,0,2.2
3,2,3,16,0.98,1,3,4.19
3,2,4,19,0.56,0,0,0.66
3,1,1,24,0.72,3,1,4.3
4,2,1,21,1.98,3,0,6.98
4,3,1,4,0.59,2,0,6.79
1,1,4,20,1.93,1,3,2.33
2,2,1,21,0.97,1,2,3.78
2,3,4,9,1.51,1,0,2.58
3,2,4,11,0.62,0,0,2.26
1,1,2,8,1.81,1,3,0.73
3,1,2,23,0.81,1,1,0.9
3,1,2,25,0.55,0,2,2.14
4,1,4,15,1.55,0,2,3.19
4,1,1,8,1.86,0,1,0.7
1,2,4,2,0.61,0,3,2.43
1,3,4,13,1.19,3,2,4.99
3,1,4,0,1.17,2,0,4.23
3,1,1,22,1.93,0,2,2.48
4,3,4,14,1.26,1,2,6.06
3,2,4,9,0.91,1,1,1.96
1,3,3,13,1.72,3,0,4.94
1,3,4,1,1.02,1,3,3.31
2,3,2,10,0.79,2,3,7.0
4,3,3,5,0.85,3,3,9.46
4,3,2,5,0.91,1,0,4.75
4,3,4,0,1.92,2,1,3.97
3,3,4,24,1.4,3,1,6.39
4,3,2,19,1.65,0,2,5.26
1,2,1,17,0.52,2,2,6.15
4,2,4,25,0.65,1,2,4.0
1,2,2,8,1.4,0,1,0.5
4,2,2,8,1.14,2,2,8.15
3,1,4,6,1.04,0,1,1.16
3,1,4,2,0.97,1,2,1.61
3,1,1,6,1.4,3,2,5.37
2,1,3,24,1.81,2,0,2.4
1,3,1,11,1.71,2,1,4.02
3,1,4,4,1.39,3,0,3.18
3,2,1,15,1.75,0,1,0.5
2,2,2,4,1.06,1,2,2.59
1,2,3,9,1.97,0,0,0.5
2,2,3,8,1.18,0,3,2.49
3,2,4,20,1.11,2,3,6.69
1,1,2,11,1.5,1,2,2.53
1,3,1,18,1.22,0,2,1.73
3,3,2,9,1.86,3,0,5.57
4,1,4,24,1.87,0,1,1.57
3,2,1,10,1.74,1,2,4.0
2,2,4,9,0.96,3,0,5.69
4,3,4,1,1.76,2,3,8.12
2,3,1,14,1.57,3,3,6.58
1,2,2,6,1.07,2,0,2.18
3,2,4,18,0.89,1,2,3.35
2,1,1,7,1.75,0,2,0.5
2,1,3,20,0.89,2,1,3.05
4,2,2,24,1.97,0,1,0.5
1,3,2,16,0.88,2,2,6.04
1,3,3,19,0.84,2,1,3.78
1,3,1,20,1.84,0,2,1.5
4,1,3,23,0.58,2,2,7.26
3,3,2,25,0.68,2,1,4.63
1,3,1,5,1.03,3,1,4.98
3,1,2,25,0.63,1,3,4.85
3,1,2,6,0.75,3,1,5.69
2,3,4,18,1.52,0,0,2.28
1,2,2,0,1.03,2,1,3.44
4,3,2,12,1.86,2,0,6.26
1,1,4,4,1.66,2,3,3.36
3,1,2,16,1.68,3,3,6.63
3,3,4,7,0.57,2,0,4.1
2,2,1,0,0.55,2,0,4.64
4,2,4,13,0.71,3,2,6.94
4,2,2,22,1.67,2,1,4.87
4,1,4,18,0.67,1,0,2.47
3,2,3,24,1.11,3,0,6.99
4,2,1,16,1.27,3,3,10.42
1,3,3,1,1.5,0,2,0.5
2,2,4,18,1.53,0,2,1.1
4,2,2,0,0.84,3,3,8.81
3,2,4,7,0.83,1,3,3.97
4,3,4,0,1.23,3,2,8.6
2,1,4,5,1.45,3,0,3.78
1,1,4,21,0.68,1,0,1.59
2,1,1,7,0.57,2,0,4.64
3,1,2,0,0.77,1,0,1.38
3,1,4,21,1.99,2,3,4.13
4,3,4,21,1.32,0,2,4.15
4,2,4,4,1.29,2,2,7.38
3,1,2,18,1.54,2,3,5.5
3,1,4,6,1.78,3,1,4.72
2,1,2,8,0.52,1,2,4.04
3,1,2,18,1.37,3,3,6.94
4,2,1,17,1.75,0,2,3.65
4,1,3,14,0.53,0,2,2.28
2,3,1,13,1.76,2,3,6.68
2,3,4,9,1.68,3,1,4.01
2,1,4,6,1.06,2,3,3.83
2,2,2,17,1.18,2,0,5.13
1,3,3,4,1.53,1,2,2.46
4,3,1,25,1.35,2,1,5.63
3,2,2,15,1.89,0,1,0.5
1,2,1,0,1.42,0,1,0.5
3,1,2,24,0.87,3,1,5.29
4,2,4,10,1.53,1,1,2.93
1,3,3,10,1.08,0,2,2.87
3,3,1,17,1.29,0,0,1.89
4,3,1,1,1.62,2,1,5.07
1,2,2,15,1.93,3,1,3.35
1,1,1,20,1.53,1,2,2.13
2,3,4,21,1.41,1,0,0.87
3,1,2,3,1.64,3,1,2.71
2,3,3,2,1.36,1,3,3.65
1,3,3,18,1.77,0,3,2.14
2,2,4,17,1.37,1,2,2.16
1,2,2,5,0.57,0,3,3.29
1,1,3,10,1.43,3,1,1.11
4,2,1,21,1.21,0,2,3.02
2,2,4,16,1.05,2,0,4.77
1,3,3,6,1.91,1,0,0.5
1,3,2,23,0.82,0,2,1.55
4,3,2,19,1.17,3,0,6.79
1,1,1,13,1.04,3,1,2.99
1,2,4,25,1.65,0,1,0.5
1,2,3,17,1.69,1,0,0.5
2,3,1,3,1.17,0,1,1.34
4,2,4,22,0.92,1,0,5.09
4,1,4,4,1.02,0,1,2.32
4,3,4,12,0.94,3,3,10.67
4,2,3,21,1.86,1,1,2.21
3,1,3,21,0.88,1,1,2.75
1,3,3,9,1.99,3,1,2.79
1,3,1,3,0.66,2,3,6.86
3,3,4,25,1.24,0,0,3.22
4,1,2,6,0.84,1,3,4.16
1,1,2,15,1.96,2,3,3.34
1,1,4,11,0.63,1,0,0.5
4,1,3,8,1.05,1,0,1.82
4,1,3,3,0.69,0,2,3.61
3,3,2,18,1.09,1,3,6.84
1,2,4,0,0.95,3,1,1.81
4,2,1,10,1.45,3,0,8.12
1,1,4,19,0.56,3,1,2.34
2,1,1,19,0.79,2,2,3.64
4,1,2,24,0.51,0,0,3.74
3,2,4,13,1.92,2,1,2.52
2,1,2,3,1.14,0,3,2.35
4,3,3,7,0.5,3,2,8.69
1,1,3,5,1.35,1,0,0.5
1,1,4,11,1.09,2,2,3.85
2,2,4,10,0.53,1,2,3.22
1,1,4,24,1.98,2,2,3.77
3,1,2,21,0.88,0,2,1.22
3,3,2,15,0.72,3,2,8.79
2,1,4,25,0.77,0,3,2.65
3,2,4,0,0.72,0,2,4.0
4,1,2,5,1.74,2,2,7.08
2,3,2,18,0.81,3,0,7.16
4,1,1,8,1.26,1,1,1.51
4,3,2,9,1.55,2,1,6.97
2,1,2,10,1.17,2,1,1.17
1,3,4,11,1.12,1,3,2.99
4,2,2,15,0.78,2,0,6.54
1,3,1,21,1.21,2,1,4.27
2,1,2,13,1.08,2,1,1.46
3,2,4,19,1.68,2,1,3.6
1,2,1,12,1.69,2,3,5.51
2,2,3,8,1.66,2,0,4.58
3,3,2,12,0.7,0,3,3.68
1,3,4,4,0.93,2,0,2.21
4,3,4,23,1.12,0,2,3.31
4,2,2,13,1.53,0,2,3.83
4,2,2,22,0.9,2,3,8.68
2,1,3,24,1.93,2,0,1.81
3,1,1,22,1.94,1,2,4.42
1,3,1,1,1.54,3,0,3.6
3,1,3,20,0.97,2,0,5.01
3,1,3,17,1.33,0,0,0.5
1,1,1,7,1.96,2,1,2.58
4,1,4,8,0.93,3,1,3.5
3,2,2,24,1.35,0,3,5.13
2,3,4,22,1.87,1,0,1.72
1,3,4,2,0.76,2,3,4.13
4,3,1,11,0.84,3,0,8.61
1,3,3,15,0.85,3,3,5.49
1,3,4,5,1.21,0,2,0.5
4,2,1,23,1.1,2,3,8.73
1,2,2,21,0.91,3,3,7.46
1,1,1,0,1.72,1,0,1.52
2,1,2,2,0.58,3,0,5.8
4,2,4,15,1.17,1,0,4.91
3,2,2,9,1.06,1,3,4.78
1,3,3,2,0.6,2,3,5.73
4,3,4,19,1.68,2,3,9.21
1,3,1,23,1.84,1,3,4.08
4,1,3,23,0.72,1,2,4.57
1,2,2,12,0.82,1,0,0.5
3,3,4,10,1.85,0,2,1.38
2,2,3,12,1.34,3,1,3.87
1,2,3,18,1.15,2,1,0.74
3,3,3,22,1.18,1,1,2.6
1,3,3,15,1.02,0,2,3.0
3,1,1,19,1.93,0,2,1.6
1,3,4,25,1.68,2,0,2.82
1,2,4,5,0.91,2,0,2.34
4,3,3,21,1.02,2,0,7.56
4,3,1,15,0.93,0,2,5.06
1,1,1,19,0.66,2,3,5.75
3,3,1,20,0.9,2,3,9.47
2,1,3,0,0.76,1,0,2.48
2,2,3,15,1.99,1,3,2.24
1,2,3,0,0.67,1,1,0.5
4,2,2,20,0.55,1,3,6.48
3,3,3,17,1.73,1,1,2.69
1,3,1,22,1.62,2,2,4.74
4,3,2,21,0.98,3,2,7.52
2,2,2,8,0.91,3,1,5.67
1,3,4,18,1.12,1,0,0.92
4,2,4,12,1.59,2,1,3.28
4,2,1,24,0.92,3,1,5.08
4,2,1,15,1.57,2,3,7.13
3,1,3,17,2.0,1,2,2.03
3,1,3,10,1.03,3,2,6.82
2,1,4,24,1.5,2,0,3.7
3,2,3,21,1.09,2,2,4.68
4,2,1,5,1.22,1,2,5.15
4,1,2,4,1.48,3,3,8.03
1,3,1,11,2.0,2,3,5.26
1,2,2,17,1.17,2,0,2.21
3,1,3,8,1.06,0,2,1.6
2,1,3,8,1.54,2,1,1.3
4,3,3,4,1.22,0,3,4.76
1,1,3,22,1.49,0,0,0.5
3,1,3,8,0.98,3,0,6.05
2,3,3,14,1.05,3,2,5.27
4,2,2,1,0.86,1,0,3.46
2,3,4,20,1.71,0,1,0.5
3,1,1,18,1.21,1,3,3.37
4,2,1,0,0.88,0,2,3.75
4,1,2,25,1.93,1,2,3.5
3,1,4,11,1.61,2,2,3.19
2,3,3,10,1.3,2,1,4.28
4,1,3,7,1.41,1,0,3.22
4,1,4,1,0.65,1,2,3.84
3,2,2,14,1.81,3,2,7.45
2,1,4,19,0.97,3,3,5.23
1,2,4,18,0.99,2,0,3.23
4,1,2,19,1.85,2,2,7.15
3,2,1,0,1.06,3,1,5.35
1,3,1,8,1.33,2,1,2.5
4,1,1,14,1.5,0,2,4.56
3,2,4,11,0.94,1,3,3.16
3,2,3,7,1.91,3,0,5.02
1,3,1,18,0.8,0,1,1.18
2,1,1,12,1.24,1,1,2.04
2,1,1,7,0.56,0,2,2.78
1,1,3,14,1.02,0,1,0.5
4,3,2,5,0.86,1,0,5.79
3,1,2,5,1.8,0,3,4.3
4,1,2,13,0.66,1,3,4.34
4,1,1,8,1.14,2,3,7.62
2,3,4,17,1.63,2,2,5.98
1,2,3,6,1.6,3,2,3.56
1,2,2,16,0.79,1,2,1.59
1,1,4,11,0.8,3,2,3.58
3,3,1,5,1.89,3,3,7.46
1,2,1,5,1.49,2,2,2.99
4,3,3,22,0.89,1,0,5.41
3,2,4,6,1.48,3,1,3.27
3,1,1,0,0.56,2,2,7.43
2,2,4,14,1.32,1,2,2.84
4,3,2,20,0.77,2,2,7.5
4,1,2,3,0.62,1,3,7.19
4,3,2,4,0.78,1,2,7.13
2,1,3,21,0.95,0,2,2.66
3,1,4,8,1.26,3,1,4.72
3,1,3,13,1.47,2,1,2.78
2,2,4,17,0.99,0,2,1.1
2,2,3,17,1.8,0,3,3.1
3,2,4,3,1.35,0,2,3.52
3,1,4,3,1.01,2,1,1.51
4,3,1,12,1.34,3,0,9.49
2,2,1,8,1.33,3,1,4.94
4,3,4,19,0.6,1,2,5.65
4,2,4,11,0.89,2,0,7.08
1,1,1,12,1.2,2,2,3.14
4,2,4,24,1.58,1,2,5.62
4,2,4,24,0.76,1,1,2.92
2,2,1,19,0.75,1,3,4.7
2,2,3,15,1.54,3,0,5.18
4,1,4,22,1.86,1,0,1.8
4,2,1,5,1.45,1,3,6.56
3,1,1,19,0.77,3,3,6.87
4,2,4,12,1.69,2,0,5.58
1,1,3,0,1.45,1,0,0.5
1,3,1,24,1.39,2,0,4.91
2,3,3,9,0.97,0,0,0.5
1,3,4,10,1.7,2,2,4.33
4,3,3,0,1.44,0,1,3.44
4,2,4,3,0.82,1,1,3.43
2,3,3,17,0.74,3,1,3.37
4,1,3,13,2.0,2,1,4.59
4,3,1,24,0.67,0,0,2.95
1,1,2,13,0.58,2,0,3.75
4,3,2,22,1.32,2,2,7.13
4,2,1,9,1.4,3,1,7.28
4,3,2,13,1.97,1,0,4.38
3,2,3,18,0.64,0,2,2.86
3,3,3,23,1.28,1,0,2.65
2,2,4,4,0.95,3,2,6.22
4,3,2,5,1.59,2,3,7.07
1,3,1,11,1.53,2,2,4.04
1,1,3,11,1.29,0,3,0.94
1,3,2,10,1.12,3,3,6.4
4,1,4,19,0.84,1,0,1.56
2,3,4,25,1.63,2,1,2.07
3,3,4,12,1.66,3,0,7.31
2,2,3,18,1.46,1,2,2.27
1,1,4,20,1.64,3,2,4.54
1,1,3,13,1.88,3,2,3.7
1,1,4,12,0.7,0,3,1.33
2,3,4,7,0.62,3,1,5.33
4,2,3,19,1.68,3,1,6.59
3,1,2,22,1.2,3,3,8.66
4,1,3,13,0.74,3,0,6.66
1,1,2,6,0.56,1,2,0.5
3,3,4,11,1.31,3,2,6.16
1,1,2,10,1.32,0,1,0.5
2,3,2,6,1.18,2,2,4.71
4,3,3,5,1.16,2,1,5.29
2,3,1,6,0.59,3,0,6.6
2,1,2,1,1.01,3,0,3.66
3,2,3,2,0.57,3,1,6.49
3,1,4,23,0.92,0,0,0.5
4,3,3,23,1.93,2,3,7.15
4,2,4,21,1.23,0,0,1.59
2,2,2,3,1.55,0,2,2.2
1,3,3,0,1.14,3,1,2.4
1,2,4,2,1.72,2,1,0.5
4,3,3,9,1.58,1,1,4.72
2,2,2,20,1.82,1,0,0.6
2,3,3,25,1.43,0,2,1.26
4,3,2,19,1.45,0,1,1.83
3,3,1,2,1.65,3,0,6.18
3,1,4,14,1.56,2,1,2.78
3,2,1,18,1.99,3,0,7.27
3,1,1,20,0.6,2,1,5.31
4,1,4,8,1.01,0,2,2.61
2,3,2,16,1.46,2,0,5.76
4,1,2,1,0.57,1,1,3.63
3,3,1,20,1.89,3,0,7.36
4,3,3,6,1.39,1,3,7.73
1,3,3,21,0.64,0,2,1.61
3,1,4,1,1.29,3,3,7.74
1,1,4,9,1.65,1,3,1.58
3,2,4,11,1.11,2,0,5.45
1,2,2,4,1.54,2,1,0.56
4,3,4,0,1.16,3,2,6.8
3,1,3,21,0.8,3,0,6.78
4,1,4,13,1.32,0,0,2.42
1,3,2,15,1.75,2,3,5.97
2,3,3,9,0.73,1,3,5.86
3,3,4,23,0.76,1,0,2.11
2,2,1,15,1.38,0,1,1.41
2,3,2,0,1.24,1,1,1.05
2,1,4,1,0.54,0,2,2.17
2,2,1,0,0.51,1,1,2.38
2,1,1,14,1.61,0,2,2.78
3,3,3,25,2.0,0,3,2.85
1,1,4,13,1.41,0,1,0.5
2,2,3,23,0.9,2,2,5.03
3,2,4,15,1.09,2,1,4.86
4,1,1,20,0.79,3,2,7.59
1,3,4,5,0.94,0,1,0.5
4,1,2,6,1.55,1,2,2.97
1,1,1,21,1.06,1,1,0.5
4,2,3,23,1.62,3,3,9.97
4,1,4,19,1.3,2,0,3.49
4,1,4,25,0.75,0,1,0.61
1,3,3,0,0.86,1,0,3.08
3,2,2,18,1.95,1,1,1.15
2,1,2,13,1.67,3,1,4.25
4,1,1,20,1.45,2,2,5.56
1,1,4,4,1.41,3,3,5.11
4,3,1,20,1.39,1,0,5.88
1,3,3,16,1.18,3,3,6.83
3,3,4,21,0.85,3,3,7.24
4,2,4,6,0.95,2,3,8.7
2,2,3,23,1.01,3,2,5.45
2,1,4,20,1.16,0,0,1.16
2,3,3,14,1.96,3,2,6.31
3,1,4,6,1.53,1,1,1.2
3,1,4,5,0.77,3,0,6.1
1,3,1,6,0.85,3,1,5.53
1,3,2,8,1.04,0,0,0.73
3,2,1,5,1.51,2,0,4.34
4,1,3,2,0.98,3,2,7.21
4,1,2,0,1.98,0,1,2.13
3,3,3,12,1.58,1,2,3.66
2,3,2,15,0.79,3,1,5.7
1,3,4,0,0.76,0,0,0.5
4,1,2,4,0.72,0,0,3.19
1,2,3,19,0.92,2,1,0.86
2,1,2,9,0.79,0,0,0.5
4,2,3,11,1.2,2,0,4.31
3,1,4,8,1.13,0,3,1.77
2,1,4,14,1.29,0,1,0.5
1,2,4,17,0.71,1,2,0.71
3,3,2,6,1.51,2,0,6.27
1,1,4,10,1.75,1,3,2.58
4,3,3,25,1.59,1,1,2.1
3,1,3,17,0.65,1,2,3.9
4,1,1,15,1.64,2,2,7.47
3,2,3,3,1.35,3,2,6.64
3,1,3,5,1.08,2,1,4.48
3,3,2,1,1.52,2,1,3.89
4,2,1,22,1.13,0,3,4.84
3,3,3,20,1.94,1,2,5.03
2,1,4,24,1.13,3,2,4.62
2,1,4,22,1.32,1,1,0.5
2,1,3,0,0.6,0,0,0.5
3,3,2,10,0.81,3,0,7.87
1,2,1,10,0.97,2,2,3.77
4,1,4,10,0.63,0,1,1.65
1,3,4,8,1.21,1,1,1.36
4,3,1,9,1.55,0,2,5.05
2,3,3,5,1.96,1,2,2.83
2,3,2,11,1.13,0,2,3.42
3,1,3,9,0.73,3,3,6.98
2,1,4,9,1.62,0,2,0.86
1,2,3,13,1.72,1,0,0.5
4,1,2,18,1.32,1,0,3.94
3,3,2,17,0.86,2,1,3.61
1,3,2,15,1.46,3,3,6.35
4,3,1,12,0.63,2,1,7.1
1,1,4,21,1.4,3,3,4.52
4,3,4,23,0.57,2,1,6.25
1,2,4,2,1.67,2,1,2.58
4,2,3,11,0.54,0,3,6.54
1,3,2,13,0.56,2,1,3.08
4,3,1,15,1.74,3,1,6.84
2,2,4,24,1.47,3,3,6.74
4,2,4,8,1.36,3,1,4.42
2,1,1,20,0.76,3,0,4.34
2,3,3,18,0.73,0,2,2.29
4,2,1,22,1.41,3,1,7.03
4,3,2,15,0.99,3,0,9.21
2,1,1,22,1.39,0,1,0.5
3,2,3,2,1.24,0,3,2.26
4,1,3,0,1.55,2,1,3.29
2,2,1,14,0.76,1,3,6.07
2,2,3,18,0.71,0,1,0.5
4,1,4,18,1.72,1,3,5.56
2,1,2,4,1.54,3,0,3.77
2,3,3,17,0.62,0,2,1.66
3,2,1,18,1.51,2,2,7.51
1,2,1,3,0.65,3,0,3.8
3,1,1,4,1.02,2,2,7.05
3,3,1,16,1.53,2,1,3.77
4,3,3,0,0.92,1,2,5.31
1,3,4,7,1.84,0,3,0.7
4,1,3,1,1.42,3,2,7.53
1,2,4,2,0.62,0,0,0.5
1,3,2,14,1.5,2,1,1.31
2,1,1,12,1.96,1,3,2.87
2,2,3,12,1.51,2,2,3.8
4,3,1,14,1.76,0,3,5.24
3,2,3,16,0.52,3,2,7.82
2,3,2,23,1.63,1,1,1.79
4,1,1,2,1.97,2,1,2.94
4,3,3,25,1.86,0,0,1.66
4,1,1,17,1.04,3,2,6.6
2,1,1,16,0.67,2,0,4.39
2,3,4,24,1.35,1,1,2.45
3,2,4,10,0.76,0,3,3.5
4,1,4,21,1.88,2,3,7.04
3,1,3,10,1.17,3,3,6.54
1,2,4,21,0.71,2,2,2.35
2,2,4,9,1.01,1,0,0.93
3,3,3,22,1.94,0,1,1.43
2,2,2,9,0.66,0,3,2.51
2,3,4,24,0.96,2,1,2.58
4,3,1,1,1.08,1,0,6.44
3,2,3,15,1.32,3,3,6.64
1,3,4,24,1.9,1,0,1.2
1,1,2,17,1.87,2,3,4.77
1,1,1,13,0.79,2,2,2.65
2,3,3,3,1.22,2,1,2.63
3,3,1,9,1.86,2,3,6.32
4,3,4,8,0.95,2,1,3.85
4,2,3,20,1.51,2,2,6.19
1,1,4,2,1.4,2,1,1.56
4,1,2,6,0.72,2,0,6.67
1,1,2,12,0.67,0,1,0.5
4,2,2,10,1.07,3,2,9.18
2,2,2,9,0.89,0,1,0.95
4,1,4,4,0.82,2,2,5.36
3,1,4,14,1.74,1,3,4.43
1,1,3,1,1.43,0,2,0.71
3,2,4,16,1.35,3,2,4.98
3,1,3,4,2.0,2,1,1.35
2,1,4,5,1.36,3,3,5.3
4,2,3,4,1.3,1,1,2.76
3,3,2,4,1.44,2,2,5.19
2,1,2,19,1.25,1,3,2.54
2,2,1,20,1.0,3,2,5.42
2,1,4,20,1.7,0,2,1.76
3,2,2,22,1.13,0,0,0.96
4,2,4,13,1.09,2,2,6.66
2,3,4,7,1.45,0,2,2.77
4,1,2,18,1.81,1,3,3.91
1,2,1,4,0.91,3,1,3.94
2,3,3,2,1.39,1,1,2.7
4,1,3,2,0.81,3,3,9.1
3,2,3,20,0.83,1,1,2.81
2,2,4,5,0.82,0,2,0.79
2,3,3,25,1.5,3,0,5.0
1,2,2,11,1.43,2,1,0.5
2,2,3,4,1.78,1,0,1.46
3,2,2,9,1.64,3,0,4.38
3,1,4,7,0.81,1,3,5.11
1,1,4,17,0.97,1,1,0.5
4,3,2,1,1.66,0,1,4.0
1,1,1,13,0.85,3,0,5.27
3,1,3,6,1.05,1,3,3.78
4,2,4,1,1.89,2,2,4.79
4,1,1,20,1.75,0,1,0.5
4,1,2,19,0.94,2,1,3.75
1,3,2,18,0.72,3,0,5.98
1,1,3,7,1.31,3,0,2.76
4,2,2,20,1.0,3,2,8.22
4,1,4,25,0.72,1,0,4.19
4,2,4,4,1.61,3,1,6.52
2,3,4,16,1.58,1,0,2.63
2,1,3,8,1.4,0,3,3.42
4,1,1,8,1.65,0,2,1.96
3,2,3,11,1.22,1,1,1.54
1,2,2,18,0.53,0,1,0.5
2,3,3,14,0.59,0,1,0.5
2,3,2,25,1.78,2,0,5.56
2,2,1,16,1.08,3,3,8.8
1,1,4,10,1.51,2,0,2.88
1,3,2,17,1.98,3,0,4.97
1,3,2,9,1.67,3,0,4.12
4,2,4,25,0.56,1,0,2.62
4,3,3,9,1.82,3,3,10.58
1,3,2,8,1.64,3,2,5.36
1,2,1,19,0.66,0,0,2.08
3,1,3,5,1.05,2,2,3.7
2,2,2,9,0.69,1,2,4.85
4,3,3,16,1.65,0,1,2.6
3,1,2,7,1.39,3,1,5.46
3,1,4,10,0.55,1,2,2.34
4,1,4,3,0.61,0,1,1.85
4,2,2,1,1.1,3,0,5.84
1,2,4,15,1.07,2,2,4.35
3,2,4,16,1.82,2,1,2.58
3,3,3,12,1.14,2,0,6.69
2,2,3,12,1.56,2,1,1.95
3,3,4,8,1.66,0,3,3.4
3,1,1,9,1.18,1,2,3.8
1,1,2,3,1.27,0,3,0.5
3,3,1,4,0.72,1,3,7.61
3,2,2,24,1.86,0,2,3.61
3,2,4,25,1.54,2,3,6.89
2,2,1,2,1.47,1,3,5.12
4,2,1,18,1.98,1,2,5.43
4,2,1,11,0.64,3,0,7.3
2,3,2,7,1.92,2,3,4.93
4,2,1,3,1.59,3,3,9.52
4,1,4,24,0.57,1,1,1.61
2,1,4,9,1.11,1,2,3.18
4,3,3,12,1.71,3,1,5.05
1,1,4,22,0.69,0,2,0.5
1,2,1,2,1.42,2,1,1.83
3,1,4,12,1.48,0,3,3.75
4,1,3,13,1.89,1,2,2.3
2,2,3,16,0.71,3,0,6.2
4,3,4,12,0.57,1,3,5.46
1,3,2,10,0.88,1,3,3.92
4,3,2,18,1.95,1,1,2.05
1,1,1,15,0.63,3,3,5.35
3,1,4,24,1.74,1,2,2.4
3,1,3,14,0.59,3,3,7.95
4,3,4,21,0.53,1,2,5.44
2,3,3,1,1.99,0,2,1.49
1,2,1,13,1.1,0,0,1.2
3,3,1,24,1.74,3,3,9.22
1,1,3,17,0.8,2,1,1.61
3,1,4,22,0.9,3,2,5.84
1,3,3,12,0.98,2,2,5.84
3,3,4,7,1.89,0,0,1.51
3,3,3,14,1.25,3,3,8.22
1,3,4,13,0.96,0,3,3.61
3,1,3,23,1.08,2,3,6.03
1,2,1,10,0.77,0,2,1.85
4,3,2,2,0.61,1,3,6.17
3,3,2,20,1.28,1,0,2.87
4,1,4,7,0.59,2,2,5.36
3,3,3,0,1.46,2,0,6.68
3,2,3,16,1.32,1,2,2.68
3,1,2,22,0.57,2,3,8.03
4,3,2,25,1.14,2,3,10.13
2,3,4,8,1.53,3,1,2.74
4,2,1,0,1.23,2,2,6.38
2,1,1,8,0.58,2,3,6.16
4,2,1,1,1.66,2,2,7.37
3,3,4,10,1.11,0,3,5.65
1,1,3,25,0.87,1,0,0.63
1,2,2,20,0.87,0,3,3.59
2,1,2,19,1.25,1,2,1.94
3,1,3,9,1.36,2,1,3.79
4,1,2,24,1.58,1,2,4.78
4,3,3,8,0.87,0,2,3.28
3,3,4,1,1.06,3,3,8.01
1,3,2,4,1.06,3,2,7.12
4,2,4,9,1.13,1,0,3.8
3,3,3,20,1.21,2,1,3.61
1,2,3,25,1.58,2,1,1.03
4,1,2,5,1.57,1,2,5.31
2,2,2,18,1.44,1,3,2.73
1,2,3,1,1.65,2,0,1.53
2,1,1,14,1.6,1,1,0.91
4,1,4,21,1.26,0,2,3.55
3,1,4,22,1.94,2,3,5.3
4,1,3,17,0.9,0,2,2.77
2,2,3,14,1.96,1,2,3.38
1,3,1,14,1.55,1,1,0.5
1,1,1,23,1.82,3,0,2.65
1,3,2,22,1.09,2,0,5.28
4,2,3,8,1.89,2,1,4.65
3,1,1,16,1.42,2,1,3.29
4,3,1,23,1.72,2,2,8.93
4,2,1,4,1.29,3,0,6.36
2,1,2,7,0.66,1,2,2.05
1,1,2,12,0.81,3,3,5.11
4,2,4,5,1.71,3,3,7.04
3,2,3,15,0.81,0,1,0.52
4,2,4,14,1.53,0,3,4.08
4,3,4,12,0.79,2,2,6.75
1,3,1,0,1.36,0,2,3.41
2,2,3,22,1.25,3,0,6.21
4,2,3,5,0.89,1,3,4.65
4,2,4,21,0.82,3,1,5.22
4,3,1,7,0.63,3,0,8.41
3,2,4,2,1.36,1,0,2.23
4,1,3,1,1.14,1,2,4.12
3,1,2,20,1.47,2,1,2.04
4,1,1,25,0.89,0,2,4.06
2,3,3,11,1.3,3,2,6.8
2,2,3,10,1.87,2,0,4.27
3,2,3,2,1.3,3,1,5.59
2,2,1,6,1.01,0,2,3.05
2,2,3,6,1.68,3,1,4.22
2,1,3,15,1.03,3,2,6.09
3,3,1,6,1.35,3,3,8.46
2,3,1,4,1.8,2,1,2.34
1,3,3,10,1.67,3,2,6.0
3,2,2,25,1.15,1,1,2.33
2,3,1,11,0.57,1,2,3.73
2,2,1,8,1.92,0,2,1.84
3,3,2,8,1.56,0,0,3.61
3,3,3,18,1.59,0,3,4.76
2,3,2,25,0.65,0,0,1.88
2,2,1,12,1.08,1,2,2.77
4,3,2,24,1.18,1,1,4.34
1,1,4,23,1.86,3,3,4.8
3,3,3,13,1.56,0,1,0.5
1,1,3,5,0.64,2,2,4.64
2,1,4,2,0.68,1,1,1.34
2,2,2,3,0.88,1,1,1.84
4,3,1,11,2.0,1,3,5.3
2,3,1,18,0.85,3,1,6.13
1,3,2,17,0.88,3,3,7.7
4,2,4,2,1.07,3,1,5.19
3,1,1,19,1.15,3,1,4.0
2,3,4,20,1.83,1,1,2.23
3,1,2,17,1.49,3,3,6.16
2,1,2,18,0.52,3,3,7.62
3,3,3,22,1.48,3,2,7.24
1,2,4,7,2.0,0,1,0.5
2,3,3,18,1.98,3,0,4.65
3,2,2,23,1.06,1,1,3.54
1,1,3,0,1.75,2,3,3.43
4,3,1,6,0.75,3,2,8.54
4,1,2,25,1.81,2,2,7.27
3,2,4,12,0.8,1,2,4.93
2,1,4,25,0.83,3,1,2.91
2,3,4,21,1.66,3,0,5.1
4,1,1,16,1.67,1,3,5.31
4,3,1,6,1.63,0,1,4.1
1,1,4,24,0.97,2,1,2.03
2,2,4,18,1.47,3,0,3.82
3,2,1,10,0.66,3,3,9.69
4,1,1,11,1.92,2,0,5.73
2,3,2,16,1.91,1,3,3.25
3,3,3,22,0.78,2,1,4.06
3,1,3,18,1.47,2,1,2.61
4,2,4,25,1.38,2,3,8.81
3,1,2,17,0.99,2,2,6.26
2,3,2,22,0.94,3,3,7.57
3,2,3,5,1.03,1,2,3.65
4,2,3,0,0.98,0,1,2.86
2,3,1,13,0.5,1,3,5.47
4,3,1,23,1.63,3,1,6.75
1,1,1,2,1.18,1,3,1.59
2,2,1,22,1.09,1,0,2.15
1,2,1,23,1.68,3,2,4.07
1,3,3,1,1.0,3,3,5.71
1,2,3,20,0.88,3,2,4.89
4,2,1,0,1.65,1,3,7.01
4,3,3,19,0.8,0,1,4.06
1,3,2,3,1.36,2,3,5.52
2,1,2,16,1.24,0,1,0.5
4,3,2,10,1.14,0,3,7.29
4,1,4,4,1.08,1,1,1.59
3,2,3,7,1.59,1,3,5.1
4,3,1,15,0.9,2,1,5.12
1,1,1,1,0.97,0,0,0.9
3,3,1,16,1.63,0,2,3.54
2,2,3,5,1.55,0,2,0.5
3,2,4,5,1.49,2,1,3.51
1,1,3,17,1.33,2,2,2.16
1,1,2,8,1.51,1,1,0.5
2,1,3,16,1.07,3,2,5.89
3,1,4,0,0.61,0,2,2.89
2,3,4,19,1.38,0,2,2.1
3,3,1,12,1.41,3,1,7.43
1,2,4,21,1.93,1,3,0.61
2,1,4,8,1.05,2,2,4.09
1,1,3,1,1.15,2,1,2.42
2,2,1,22,1.26,2,1,3.16
3,1,1,11,0.61,2,3,5.92
4,2,3,23,1.46,3,0,7.26
4,3,1,12,1.04,1,2,5.7
1,1,2,7,0.5,3,0,4.98
2,2,1,9,1.16,3,1,3.33
4,1,1,0,0.77,0,0,4.21
3,2,2,12,1.16,0,0,0.97
1,1,3,25,1.68,3,0,1.33
2,3,2,18,1.74,0,3,4.55
1,2,3,24,1.94,1,3,2.72
4,1,1,13,1.78,0,1,1.18
1,2,2,4,1.07,1,2,1.26
1,3,2,5,1.68,3,3,7.2
4,2,4,25,1.7,1,1,3.46
1,1,3,17,1.92,3,3,6.12
1,3,1,9,1.3,0,3,2.53
4,1,2,0,1.6,1,2,4.35
2,1,1,4,1.29,2,3,5.63
3,1,4,21,1.58,1,2,1.31
2,1,3,10,0.57,0,2,0.5
2,2,3,2,1.18,0,0,0.5
2,1,3,1,1.7,3,1,2.59
4,2,1,20,1.3,2,1,5.18
2,3,4,13,1.6,2,2,4.61
1,2,2,7,1.01,2,3,4.28
2,1,1,8,1.54,3,0,4.31
1,2,1,2,1.55,0,0,0.5
1,1,3,10,1.52,1,2,2.37
3,2,2,6,1.76,2,2,4.25
2,2,4,15,1.72,0,3,3.33
3,3,3,21,1.48,3,2,6.45
1,1,1,1,0.91,0,0,0.5
1,3,2,6,1.64,1,0,2.27
4,3,3,2,0.55,1,3,7.39
1,1,2,12,1.41,1,1,0.5
1,3,3,5,1.67,0,3,2.6
4,1,2,22,0.61,0,2,4.53
1,2,1,13,1.46,0,2,2.56
4,2,3,4,1.82,1,3,4.2
2,2,2,1,1.42,2,2,5.35
4,1,1,25,0.64,3,3,10.25
1,1,1,24,1.56,0,1,0.5
4,2,3,25,1.95,1,1,2.57
2,1,1,1,1.84,3,0,2.95
2,3,1,19,1.03,3,3,7.59
3,3,3,7,0.57,2,0,7.35
3,3,3,3,1.2,0,3,5.12
2,3,4,0,1.98,1,2,1.76
3,3,1,7,1.54,2,3,8.74
4,2,1,13,1.21,1,1,2.3
1,2,4,3,0.67,1,1,0.5
3,3,3,24,1.57,0,1,0.5
1,2,1,24,1.65,2,3,6.25
1,3,2,5,1.65,2,3,4.84
3,3,1,8,1.19,1,3,7.12
2,1,3,12,0.79,1,2,2.48
1,3,4,24,1.37,0,0,0.5
1,2,2,15,1.47,0,2,0.5
1,2,1,18,1.52,0,2,0.5
2,1,3,12,0.67,0,3,3.36
1,1,3,0,1.21,0,2,0.5
4,1,2,8,0.59,2,3,7.94
4,1,2,24,1.06,0,0,2.17
3,1,3,21,1.26,1,0,3.51
2,1,1,6,0.51,1,0,1.13
1,2,3,7,0.78,1,1,0.5
1,1,2,11,1.68,0,3,1.08
3,3,2,21,1.6,3,1,6.27
1,1,1,1,1.88,1,2,2.53
2,3,3,4,1.28,1,1,2.87
1,3,3,10,0.52,0,2,2.39
1,1,1,23,0.97,3,1,1.98
2,3,2,2,0.55,1,0,2.78
3,2,4,22,1.04,3,3,8.19
2,3,4,11,1.48,3,3,6.89
4,3,4,9,1.6,3,1,5.06
3,1,1,13,0.61,3,2,5.87
1,2,2,17,1.62,0,1,0.5
3,3,4,22,0.79,0,1,0.96
2,1,3,13,0.74,3,1,2.4
2,1,3,6,1.21,2,0,1.68
1,1,4,23,1.89,1,1,0.5
1,1,2,1,0.72,3,1,2.25
3,2,4,4,0.58,2,2,6.44
2,2,4,12,0.73,2,3,5.61
3,3,4,19,1.96,0,1,1.58
4,1,2,21,0.88,2,1,4.01
4,2,2,22,1.21,0,3,6.55
1,2,1,20,0.7,0,0,1.11
2,1,4,4,1.8,3,0,2.14
2,2,2,20,1.23,2,3,6.37
1,2,2,22,1.28,2,0,2.02
2,3,1,2,0.8,3,1,3.87
2,1,1,13,1.56,0,3,3.56
3,1,3,5,1.84,0,0,0.5
3,1,4,6,1.91,2,3,5.09
4,3,2,14,1.13,1,0,4.57
1,3,1,15,1.92,2,1,1.41
2,2,4,24,1.02,2,2,4.36
2,2,3,2,0.58,3,3,6.18
1,1,2,15,0.96,0,1,0.5
3,3,2,20,0.72,3,1,5.18
2,1,3,18,1.44,0,3,1.83
3,2,2,25,0.59,3,2,6.24
1,2,1,24,1.23,0,3,2.54
1,1,1,11,1.05,1,2,2.95
3,2,2,21,1.17,1,2,4.26
2,1,2,23,0.51,2,2,4.76
3,1,3,17,0.67,0,0,0.64
4,1,4,25,1.95,0,3,2.31
3,3,4,0,1.92,2,0,5.13
1,2,4,0,0.87,2,3,5.78
4,3,3,20,0.59,3,0,8.6
4,1,4,8,1.13,3,3,8.91
1,1,3,10,1.71,3,0,2.25
4,2,4,14,1.51,1,1,3.65
3,2,3,4,1.38,3,2,7.24
2,2,2,24,1.53,0,3,3.04
1,1,3,16,0.95,0,3,1.73
3,2,3,8,0.72,1,1,2.0
4,2,1,21,1.8,2,1,3.79
4,2,3,24,1.74,1,3,5.13
1,3,3,24,1.53,3,1,4.66
4,2,1,1,1.13,2,1,5.14
3,1,1,16,1.37,0,2,3.13
4,2,4,18,0.65,0,3,4.54
1,3,1,20,0.89,0,3,1.91
4,1,2,19,1.11,3,0,5.95
2,1,2,8,1.64,3,3,5.53
4,1,3,9,1.38,0,0,2.93
3,3,3,21,0.76,3,2,8.25
2,3,2,4,1.21,3,0,4.28
2,1,1,25,1.4,2,1,3.38
3,2,1,18,1.23,3,3,8.66
4,1,2,10,1.62,0,3,3.79
1,3,4,8,1.33,3,0,3.15
4,1,2,5,1.56,3,0,6.99
4,1,1,16,1.59,2,0,4.79
3,1,3,22,1.05,0,2,3.19
3,3,3,0,1.29,3,1,6.24
1,2,2,5,1.26,0,1,0.5
3,2,2,10,1.06,0,3,4.46
3,3,1,19,1.27,2,3,6.55
1,2,3,8,1.4,1,3,3.36
2,2,4,22,0.97,0,0,0.5
2,2,3,24,1.09,1,1,1.68
4,3,2,19,1.96,1,0,3.22
1,3,3,23,1.91,0,3,2.48
3,2,4,0,0.5,0,3,2.55
2,1,1,0,0.81,1,1,0.82
3,2,4,18,1.44,1,2,2.55
1,1,3,8,0.65,1,3,2.58
4,2,2,6,0.56,2,0,6.33
3,1,3,25,1.26,0,0,1.2
1,1,4,5,1.64,3,1,0.5
1,1,3,9,1.7,3,3,4.48
3,1,2,0,1.05,2,2,6.18
3,2,2,11,1.08,1,2,4.34
1,1,1,0,0.63,3,3,5.54
1,1,3,25,1.71,3,0,2.55
4,2,1,15,1.91,2,3,6.94
2,3,4,9,0.52,2,1,3.43
3,2,1,13,1.91,1,0,2.09
2,1,2,5,1.71,0,3,2.03
1,1,2,9,1.82,0,2,0.5
2,3,2,20,1.53,1,1,3.06
2,3,1,21,0.58,2,0,5.83
3,2,4,16,1.61,0,2,2.63
2,2,4,24,1.76,0,2,0.87
1,1,4,7,1.01,1,1,0.5
3,3,4,12,1.38,0,3,4.54
1,3,1,21,0.88,2,0,4.97
3,2,2,7,1.14,0,2,4.28
4,3,3,10,1.8,3,2,7.38
2,3,4,8,0.81,2,3,7.76
1,3,1,22,1.2,0,3,4.34
2,1,1,24,1.24,1,3,3.07
3,3,4,9,1.98,2,1,4.78
4,1,1,14,1.09,3,2,8.85
2,2,3,23,0.64,1,3,3.41
4,3,2,19,0.5,0,1,3.71
3,2,4,4,0.98,0,3,3.04
1,2,1,6,0.94,1,1,0.5
2,1,1,13,1.52,0,1,0.5
2,1,4,13,1.94,3,0,4.79
1,2,4,17,1.72,3,1,0.98
2,1,4,17,0.99,3,1,4.13
3,2,4,14,0.57,1,3,3.37
4,2,4,15,1.9,3,1,5.34
3,1,3,22,1.2,1,3,3.35
3,1,4,18,1.16,0,2,3.0
4,1,1,16,0.75,3,2,8.25
3,3,3,12,1.97,2,1,5.32
3,2,2,20,0.57,0,3,4.77
4,2,4,3,0.74,1,2,5.73
2,1,2,3,1.66,0,1,0.5
4,3,2,19,0.85,1,3,6.14
1,2,3,19,1.46,1,0,0.5
3,3,4,6,0.51,3,2,7.09
2,3,3,21,0.82,0,3,3.63
3,3,1,24,1.03,1,3,5.62
3,3,1,18,1.75,3,3,7.78
3,2,4,11,1.05,1,1,0.5
1,3,2,21,1.92,1,0,2.52
3,2,3,25,1.16,0,2,1.42
2,3,4,19,1.84,1,3,5.09
3,1,1,20,0.74,0,2,3.41
1,1,2,5,0.88,3,3,5.32
1,2,3,6,0.82,3,2,5.4
3,1,2,0,0.7,2,2,4.3
2,2,1,8,0.72,3,1,3.41
3,3,2,7,0.96,3,2,7.42
3,3,2,6,1.57,3,2,6.08
4,2,2,17,0.61,3,3,8.4
4,1,3,14,1.27,1,3,6.21
4,3,3,17,1.81,0,3,6.18
4,3,3,12,1.81,1,1,1.94
2,3,4,10,0.94,3,0,4.94
4,3,4,8,1.59,1,3,6.19
3,3,4,11,1.38,2,0,5.75
4,1,2,18,1.7,0,2,2.84
4,1,2,20,1.1,3,0,5.68
1,2,4,14,1.81,1,3,2.79
3,2,3,5,1.56,3,1,3.1
1,1,2,2,1.45,0,2,0.5
2,3,2,14,0.85,3,1,4.58
3,2,1,20,1.0,2,0,6.76
1,2,1,10,1.16,1,0,0.5
4,1,1,2,0.64,1,3,5.7
4,2,2,25,1.05,3,0,8.23
1,3,2,15,1.84,2,0,4.12
1,2,3,6,1.76,0,0,0.5
4,2,1,20,1.95,2,0,7.31
2,2,1,5,1.03,0,0,2.33
3,3,2,13,1.75,3,3,7.05
1,1,2,2,1.45,3,2,3.54
2,2,3,1,1.01,0,3,1.77
4,3,2,20,1.11,2,2,7.69
4,1,4,0,0.66,1,3,6.45
2,1,3,20,0.96,0,3,1.02
2,2,2,25,0.86,3,0,4.06
3,2,3,1,0.85,0,1,1.66
1,2,2,2,0.8,2,0,3.81
3,3,3,2,0.85,0,3,3.8
1,1,3,13,1.18,3,2,3.15
3,1,1,25,0.55,1,1,2.15
4,3,2,15,1.12,1,0,3.9
2,3,4,3,0.81,2,0,3.7
4,1,1,9,1.45,1,1,2.71
2,2,4,14,1.59,2,2,4.33
3,2,4,3,1.07,0,0,1.99
1,3,3,18,1.07,0,0,1.9
4,2,2,13,0.76,3,0,7.17
3,1,3,22,1.86,0,3,3.67
3,2,3,5,1.78,3,0,5.77
1,3,3,18,0.88,0,3,3.75
4,3,2,22,0.99,1,2,6.96
3,1,3,17,0.88,3,2,7.71
1,3,4,0,1.15,0,0,0.5
1,1,1,19,1.84,3,3,3.87
2,1,2,23,1.07,0,1,0.81
2,1,2,2,0.55,2,3,5.6
1,1,2,21,0.94,3,0,4.76
2,1,2,17,1.17,2,0,3.7
1,1,1,25,0.54,2,2,3.87
1,2,4,11,1.77,0,1,0.5
1,1,2,10,1.87,0,3,0.79
3,3,3,23,1.88,1,3,5.54
2,3,4,13,1.82,1,1,0.5
2,1,3,0,0.99,3,1,4.55
4,2,2,23,1.93,3,0,5.4
4,1,1,9,0.93,3,2,8.79
3,2,3,4,0.87,2,1,5.28
2,2,1,22,0.91,0,2,1.72
3,1,1,5,1.79,2,1,3.66
1,3,3,3,1.48,0,0,0.5
4,1,3,20,1.82,1,0,2.58
4,1,2,17,1.19,3,2,8.13
2,1,2,7,1.07,3,3,5.23
3,3,1,5,1.16,3,1,5.54
2,2,2,18,1.34,3,1,3.59
2,1,2,8,1.53,3,0,3.0
3,2,2,17,1.39,2,0,3.54
1,3,3,11,1.19,1,2,3.14
3,2,4,6,0.5,1,2,2.96
4,3,3,9,1.05,3,3,8.87
2,2,2,11,1.53,2,2,5.38
2,3,4,22,1.8,2,1,2.82
2,3,3,19,1.99,0,1,0.5
1,3,3,0,1.33,1,3,3.07
3,3,3,22,1.2,2,2,7.46
4,2,3,11,1.33,0,2,2.55
3,2,3,25,1.51,0,1,2.09
3,3,1,21,0.53,1,3,6.81
1,1,3,3,1.36,2,1,1.27
2,2,4,1,1.71,3,3,5.77
1,3,4,4,0.6,1,0,2.39
4,2,3,19,0.9,1,1,2.29
2,1,2,17,0.6,3,1,3.15
4,2,3,15,0.78,1,0,4.57
2,2,1,2,1.19,3,2,6.93
3,2,2,13,1.26,0,2,3.23
3,1,2,1,1.87,1,0,1.97
1,1,1,20,1.6,2,2,3.93
2,3,2,1,0.74,1,2,3.06
2,2,3,10,1.47,2,2,3.25
2,3,1,4,1.85,2,0,5.41
4,1,2,19,1.63,3,1,6.39
4,3,1,19,0.85,0,0,4.73
3,3,2,4,0.66,3,0,6.96
2,3,4,24,0.5,3,0,4.18
3,2,3,3,1.96,0,2,1.91
2,3,3,6,1.24,1,0,2.95
1,3,2,11,1.57,2,3,6.41
4,1,3,9,1.28,0,0,2.43
3,3,2,14,1.58,3,0,5.42
2,2,2,23,1.6,2,2,5.69
1,1,1,16,0.57,1,2,2.09
3,3,2,16,1.05,0,1,1.83
3,2,4,22,0.76,3,0,6.25
1,1,3,20,0.69,0,2,1.21
1,3,4,19,1.71,2,3,4.12
3,2,3,4,0.81,1,2,3.92
1,2,3,19,1.64,2,1,0.82
4,1,1,25,1.23,2,1,4.94
4,3,4,4,1.24,3,1,7.25
4,3,1,19,0.74,3,2,10.24
2,1,1,1,1.5,1,1,1.1
3,1,3,25,1.22,1,0,0.76
1,2,2,25,0.79,0,2,2.52
4,3,1,21,1.49,2,0,5.76
3,1,2,0,1.67,0,1,0.5
1,1,1,21,1.44,2,1,2.22
1,1,1,21,0.73,2,0,3.56
2,1,1,16,1.71,2,1,2.82
3,2,4,1,1.35,2,0,4.44
2,2,2,12,0.89,0,3,3.83
3,2,2,5,0.87,3,1,5.5
1,2,1,8,0.9,0,0,0.5
3,2,3,14,0.78,2,0,3.83
2,1,1,0,1.75,1,3,3.52
3,2,4,22,1.59,1,0,2.5
3,3,1,2,1.74,1,1,3.47
4,1,3,13,0.73,3,3,8.66
3,3,1,12,1.59,2,3,7.12
4,3,2,17,1.4,1,1,3.58
3,3,4,3,1.93,1,0,2.95
1,3,3,20,1.91,2,2,4.06
4,1,2,0,0.72,1,2,3.62
1,1,1,10,1.19,3,3,5.17
4,1,2,25,1.81,1,0,3.62
3,3,3,17,0.76,3,1,4.92
3,2,3,0,1.59,3,0,4.77
4,3,3,14,1.56,2,1,5.11
3,2,1,25,0.98,0,0,1.98
4,3,1,18,1.6,3,2,7.87
3,1,2,18,1.83,0,0,1.6
4,1,2,24,1.69,2,0,3.88
1,3,2,24,1.81,1,3,2.05
4,2,1,13,1.8,1,0,3.36
3,3,3,4,1.42,3,3,7.59
3,3,4,20,0.79,2,1,3.42
4,2,2,18,0.57,0,0,3.5
2,1,1,12,1.04,0,3,3.65
2,3,1,16,0.61,3,0,7.34
1,2,1,6,1.29,0,0,0.5
2,3,1,3,1.53,1,3,3.58
4,2,4,0,1.17,2,3,6.68
3,1,2,6,0.91,0,3,2.74
4,1,1,15,1.37,2,2,5.92
2,3,2,6,1.71,3,3,7.25
3,1,2,2,1.05,2,2,4.96
4,2,3,16,1.98,3,3,7.94
1,3,3,10,0.56,2,2,3.92
4,1,2,8,1.83,3,2,6.92
1,2,1,9,1.91,1,3,1.83
3,3,3,17,1.17,1,1,1.75
4,1,3,22,1.07,0,2,3.36
2,1,1,0,1.06,1,1,1.43
4,2,3,1,1.67,0,3,3.11
1,3,4,18,0.95,2,0,4.35
2,2,3,5,1.87,0,3,2.44
1,2,3,3,0.57,0,1,0.5
3,2,3,12,0.6,1,1,2.52
2,2,4,1,1.3,3,2,4.83
4,3,4,15,1.78,0,1,2.88
4,2,3,8,0.61,1,2,5.39
4,2,4,1,0.5,2,3,6.45
4,2,1,7,1.48,0,0,1.79
1,1,2,11,1.52,3,3,5.47
3,3,2,23,0.95,0,1,3.03
4,3,3,8,0.52,2,3,7.6
2,3,3,18,1.4,1,1,0.5
1,1,4,19,0.91,0,2,0.5
3,2,1,25,0.74,1,3,5.57
4,2,4,2,0.93,2,2,5.2
4,3,1,21,1.91,0,0,2.79
3,2,3,2,1.23,0,1,1.94
2,1,3,11,1.94,3,0,4.35
1,3,3,19,1.64,0,3,3.6
1,1,3,4,0.93,0,2,0.5
3,3,2,24,1.65,1,2,3.55
4,2,1,4,1.1,1,0,5.06
1,1,2,15,1.63,1,2,1.31
3,1,3,12,1.41,1,2,1.7
4,2,1,11,1.26,1,3,7.19
1,2,2,6,0.85,1,1,1.58
4,3,3,13,0.85,3,0,8.6
4,3,1,1,1.27,3,3,8.88
2,2,3,18,0.96,3,0,6.34
1,3,2,14,0.99,3,0,5.58
1,3,1,14,1.16,1,1,2.53
2,3,4,2,0.56,1,3,3.45
2,1,2,16,0.78,1,2,1.76
3,1,1,13,0.85,2,1,3.92
2,3,1,5,1.88,2,2,5.25
3,2,1,7,0.56,0,2,3.96
2,2,4,5,0.93,0,3,1.19
1,2,3,25,0.62,0,2,1.05
4,1,1,12,0.92,3,0,7.07
4,1,4,20,0.8,2,3,5.68
2,1,3,25,1.55,2,2,5.07
4,2,3,18,0.56,3,2,9.33
2,1,1,16,1.16,3,0,4.79
2,2,3,12,1.23,2,2,5.58
3,3,4,19,1.5,2,3,5.66
1,1,3,21,0.99,2,1,1.56
4,1,4,19,1.02,2,2,4.43
2,3,3,14,1.48,1,0,2.54
3,2,4,15,1.82,3,2,5.48
3,1,3,12,0.87,0,2,2.69
1,1,2,20,0.8,0,0,0.5
1,3,1,14,0.78,3,3,6.13
1,1,4,9,0.7,3,1,3.47
2,3,1,13,1.58,0,2,4.25
3,1,2,24,1.19,2,0,4.69
4,1,2,6,1.48,2,0,6.12
1,3,1,15,0.8,3,0,4.33
4,1,4,4,1.14,3,2,7.85
4,1,2,0,0.86,3,3,9.09
4,3,1,5,0.75,2,3,8.1
3,2,1,7,1.69,2,2,7.44
2,1,3,7,0.97,0,2,0.5
1,1,2,4,0.9,0,0,0.52
2,1,4,18,0.6,1,3,2.33
4,3,3,16,1.37,2,3,7.84
2,2,2,10,1.63,3,1,4.29
4,2,2,22,0.84,3,2,8.66
1,1,2,7,0.5,3,3,6.72
3,3,1,24,0.86,1,3,5.72
2,3,2,5,1.24,1,3,5.77
2,3,2,22,1.99,2,3,7.18
2,3,3,1,1.01,2,0,5.36
1,3,1,13,0.6,2,0,3.51
2,3,4,2,1.44,1,1,0.54
1,2,2,4,1.7,1,1,0.5
1,3,1,23,0.53,1,3,5.35
2,2,2,14,1.35,3,3,6.78
2,3,4,4,1.87,0,3,1.65
3,3,2,22,1.39,0,1,0.5
2,1,3,4,1.2,1,3,2.45
1,2,2,11,1.18,2,2,4.52
3,2,3,18,1.97,2,2,5.08
1,2,1,18,0.87,3,2,5.14
3,2,1,18,1.12,2,1,3.53
1,2,3,17,1.49,2,0,3.96
1,1,2,7,1.01,3,0,2.83
3,1,3,9,0.72,2,2,4.23
3,1,4,7,1.0,2,2,4.29
1,2,1,1,0.84,1,1,1.28
3,2,4,9,1.3,0,2,1.38
4,2,1,3,1.44,0,3,4.84
1,3,2,14,1.18,1,1,1.85
4,1,2,0,0.69,3,2,7.53
3,2,1,12,1.66,3,3,9.04
3,2,1,6,1.24,2,0,4.52
2,3,4,9,1.63,3,2,7.1
3,2,3,3,1.37,0,1,1.38
3,3,2,0,1.77,1,3,4.58
3,1,2,18,1.61,0,0,2.51
1,3,4,24,1.92,1,1,0.5
3,2,3,14,1.72,3,2,6.41
3,1,3,6,1.06,3,3,6.04
2,1,2,25,1.51,1,2,2.24
4,1,2,16,1.46,1,2,3.64
2,1,1,25,0.64,0,0,1.77
3,1,4,4,0.76,0,2,1.31
3,1,2,10,0.53,0,0,0.87
2,1,2,23,1.62,2,1,1.05
4,3,4,25,0.81,0,2,3.78
2,3,2,12,0.56,2,2,6.95
4,1,4,0,0.8,2,3,8.28
4,3,3,23,1.28,3,2,9.34
3,2,1,7,1.12,2,3,6.87
3,1,1,10,1.96,0,2,2.75
4,3,1,7,0.83,1,3,6.54
2,1,2,23,0.98,2,2,3.6
3,3,4,6,1.98,3,2,7.14
2,1,1,9,1.66,1,0,0.91
4,1,4,19,1.89,0,1,0.58
2,3,1,18,0.95,0,3,3.84
4,2,1,22,0.73,0,3,5.73
2,2,2,6,1.65,0,3,2.89
4,1,1,3,1.56,0,1,0.5
1,1,1,1,1.67,1,2,2.68
1,2,1,24,0.66,0,1,0.5
2,1,3,0,0.67,0,2,0.5
2,3,4,1,0.71,3,1,3.01
1,3,1,2,0.72,3,2,7.51
2,1,4,10,1.1,1,1,0.96
1,1,4,14,1.35,1,0,0.5
1,3,1,21,1.8,3,3,7.54
1,3,3,3,1.23,1,0,1.56
3,1,1,9,1.99,2,1,2.08
2,1,4,5,1.22,2,0,3.88
4,3,1,4,1.4,2,3,8.14
1,1,3,22,0.79,2,3,3.34
1,1,1,15,0.52,3,2,4.41
3,1,3,6,1.78,1,1,1.32
1,2,1,25,0.58,1,0,0.5
2,1,4,15,1.04,3,2,4.9
3,1,2,16,1.8,0,1,0.5
4,1,3,2,1.57,2,0,5.64
4,1,4,1,1.65,0,3,4.58
2,2,2,11,0.52,3,0,4.78
2,3,2,1,0.72,2,2,6.94
4,2,3,0,0.95,2,0,5.94
2,3,1,19,1.95,1,2,4.27
4,2,4,13,0.73,1,2,3.48
2,3,1,5,1.17,1,3,5.61
3,2,4,12,1.18,1,0,1.76
1,3,4,11,1.54,3,0,3.14
2,3,3,19,0.77,1,1,2.59
4,2,2,17,1.85,3,3,8.73
4,2,3,24,0.87,2,0,5.85
3,1,3,16,1.85,3,0,3.86
2,3,2,1,1.21,2,0,5.83
4,3,1,9,0.99,0,3,6.1
3,3,2,1,1.12,1,2,4.55
4,3,3,12,0.56,1,3,5.58
4,2,3,21,0.9,1,3,5.23
3,1,1,6,1.21,3,3,7.35
3,3,3,2,0.59,3,3,8.29
3,2,4,23,1.28,2,2,4.56
4,2,1,24,1.6,0,3,5.62
4,3,1,3,0.74,3,2,8.1
1,1,2,8,0.98,2,0,2.15
4,3,2,2,0.95,3,3,10.82
3,1,3,2,1.09,2,1,4.14
4,1,1,13,0.82,0,3,5.84
4,1,4,17,1.41,2,1,2.86
1,2,3,0,1.95,1,1,0.5
1,3,4,3,1.3,3,0,3.73
1,2,3,1,1.36,2,3,3.5
2,1,2,2,0.53,0,1,0.5
2,2,4,2,1.01,3,2,5.44
3,1,3,20,1.76,0,2,1.78
2,2,1,2,0.6,0,3,2.86
1,2,4,21,1.14,3,3,5.59
3,1,1,7,1.75,0,0,1.9
2,3,4,21,1.89,0,1,0.5
4,2,2,2,1.32,2,2,6.21
3,1,1,20,1.49,0,2,2.2
3,1,1,0,0.76,0,2,2.63
4,3,4,1,0.58,1,2,6.41
4,3,3,3,1.22,1,0,5.5
4,3,4,12,1.06,3,3,8.63
2,2,4,12,1.82,3,3,5.75
4,1,4,6,1.35,1,1,0.54
3,1,1,8,1.42,3,1,5.46
3,3,1,15,1.66,3,1,5.92
3,2,4,5,1.48,0,2,2.94
4,3,4,9,1.18,2,1,5.44
2,1,3,14,1.29,0,3,2.28
1,2,4,25,1.71,1,2,1.91
2,3,4,10,0.83,3,1,3.24
1,2,3,18,1.53,3,3,5.66
2,3,2,24,1.64,3,1,4.06
1,3,3,20,1.31,1,2,2.96
1,2,4,15,1.26,2,2,4.84
3,3,1,21,1.47,0,0,2.83
2,3,2,5,1.52,1,3,3.98
3,2,3,8,0.97,2,0,4.0
3,2,3,22,1.14,1,3,3.4
1,3,2,3,1.22,2,0,3.91
4,2,3,21,0.86,1,3,4.53
3,3,3,0,0.6,1,1,2.2
3,1,3,15,1.56,0,0,2.15
1,1,4,9,1.55,2,3,3.05
3,3,3,10,0.72,3,0,6.52
1,2,1,23,0.68,3,0,3.4
3,1,2,5,0.84,0,0,2.26
3,1,1,17,0.82,1,1,1.98
2,1,1,3,0.95,2,2,5.46
3,1,4,13,0.62,1,3,5.16
2,1,4,16,1.07,1,2,1.49
2,1,3,17,1.37,3,2,5.29
4,2,1,9,1.72,3,3,8.82
3,3,3,22,1.12,1,1,2.96
4,2,1,23,1.28,1,3,7.07
4,2,3,6,1.27,0,1,1.0
3,3,4,13,1.97,1,2,2.88
4,2,2,4,1.12,3,0,6.1
4,1,1,16,1.2,1,2,6.12
1,1,3,5,1.37,1,2,1.63
3,1,2,19,1.52,0,0,1.93
1,3,1,24,1.21,1,2,4.47
3,2,1,3,1.92,2,1,4.29
2,3,2,10,0.98,3,1,5.15
1,3,4,3,1.5,1,1,0.5
3,3,1,5,0.55,0,0,2.96
4,2,4,7,1.51,2,3,6.08
3,1,2,9,0.52,0,2,2.79
4,1,2,9,1.57,2,2,7.56
4,3,3,12,1.62,1,1,4.33
3,1,4,12,0.93,1,1,1.88
4,3,4,6,0.55,0,3,5.01
3,2,2,18,1.95,1,3,5.03
1,2,1,16,1.11,1,1,0.5
1,1,1,18,1.46,0,1,0.5
4,3,2,16,0.53,2,0,7.94
1,1,3,12,0.67,1,2,1.45
4,1,4,21,1.8,0,2,3.16
1,2,1,12,0.87,0,2,0.5
3,3,2,23,1.4,0,0,1.52
2,2,2,15,1.37,0,3,3.23
4,2,2,23,1.34,1,0,5.16
3,3,2,10,0.56,0,0,4.12
4,2,1,24,0.96,3,2,9.7
2,1,1,10,1.83,1,0,2.65
1,2,1,14,1.16,0,2,1.67
1,2,4,10,1.39,1,2,1.49
2,1,1,9,1.42,3,2,5.03
4,2,1,13,1.9,1,1,3.36
2,3,1,21,1.89,1,3,6.03
1,3,2,4,0.8,2,2,6.15
4,1,4,8,0.54,2,3,7.15
2,3,3,10,1.17,0,1,1.83
3,3,1,13,1.95,1,3,5.28
3,2,2,10,1.86,0,3,4.64
2,2,2,25,0.58,1,0,3.64
3,2,3,0,1.52,0,3,3.07
1,1,1,20,1.17,3,0,2.37
4,1,1,12,1.94,0,1,0.5
1,1,3,15,0.53,1,3,3.3
4,3,4,4,1.71,3,1,6.83
3,2,2,1,1.08,1,3,5.74
3,1,1,3,1.27,0,3,4.74
2,3,1,21,1.12,0,0,0.94
4,3,2,19,1.02,2,0,6.41
4,3,4,19,0.87,1,2,6.76
1,1,3,19,0.99,1,2,0.65
1,2,1,23,0.74,3,1,2.93
3,1,1,12,1.2,3,0,6.0
1,2,2,22,1.18,3,1,4.54
4,1,1,0,0.56,3,3,8.49
4,2,1,12,1.9,1,1,4.29
4,2,4,25,1.24,2,1,5.93
4,1,4,10,1.37,3,2,5.3
4,3,3,15,1.62,1,3,6.45
1,2,2,10,1.76,2,2,4.6
2,2,3,15,1.7,0,2,2.27
4,2,2,14,1.41,0,0,2.19
1,1,3,17,1.96,2,3,4.97
2,3,1,1,1.49,0,1,0.5
4,1,1,25,0.99,2,0,6.99
2,2,2,15,1.27,2,3,5.29
4,2,2,4,1.79,3,0,6.03
4,3,3,21,1.31,1,0,5.37
4,3,1,7,1.9,1,3,6.35
3,1,3,3,1.39,2,2,5.2
1,3,1,17,1.19,3,2,7.28
1,3,4,19,1.18,1,3,3.0
1,3,3,7,1.65,0,0,0.5
3,1,3,12,1.15,0,1,1.41
2,1,3,12,1.61,3,0,2.93
4,2,1,18,1.91,0,2,2.5
3,2,1,12,0.72,0,2,3.41
1,1,1,16,1.66,3,0,3.48
1,2,3,24,1.82,0,2,1.27
1,1,4,12,0.61,1,0,0.5
2,1,2,24,0.96,3,1,3.91
3,1,2,3,1.79,1,3,2.6
4,2,3,10,0.75,0,1,2.14
3,2,1,7,0.92,0,0,3.54
4,2,3,22,1.95,0,3,5.04
2,3,1,12,1.46,1,0,3.26
4,1,4,9,1.53,0,2,1.96
3,1,4,11,1.25,0,2,0.5
4,3,4,2,0.85,1,2,4.71
2,3,2,4,0.71,1,2,4.98
1,2,4,3,1.75,2,0,2.35
1,2,2,16,1.75,2,3,4.89
4,1,1,19,0.51,1,1,3.29
3,3,3,6,1.71,2,0,4.48
1,3,2,12,0.59,3,3,6.68
1,3,3,6,1.57,2,0,2.26
1,3,4,25,1.09,0,1,0.5
2,1,3,9,0.58,0,0,1.8
2,3,2,11,1.75,2,2,5.93
1,1,3,22,1.16,2,0,2.45
3,3,1,21,1.76,3,3,9.38
2,2,3,7,0.56,1,1,1.23
4,1,4,6,0.89,2,1,2.54
3,3,1,12,1.87,2,3,7.9
2,3,2,22,1.99,1,3,5.26
4,3,3,5,1.13,3,0,8.19
2,2,3,23,0.58,2,3,7.47
4,2,1,4,1.68,0,2,4.36
4,1,3,10,0.86,1,1,2.85
3,2,2,21,1.37,2,0,3.51
4,1,3,15,0.71,3,0,6.41
3,2,1,6,1.35,2,3,5.94
4,1,4,16,0.72,1,3,5.4
1,2,4,2,1.26,1,3,1.77
4,3,4,18,1.69,3,2,8.69
1,1,3,21,1.29,0,0,0.5
2,3,1,8,1.82,0,0,2.25
1,1,4,17,0.55,0,3,1.38
2,3,4,14,1.2,3,1,5.13
3,1,3,9,1.74,0,0,1.37
4,1,2,20,1.07,1,0,2.5
3,3,3,18,0.72,1,2,4.46
4,2,1,15,0.92,1,0,4.75
1,1,3,9,0.95,0,3,2.3
3,1,4,21,0.78,1,2,2.74
2,3,3,4,1.44,2,2,4.67
4,3,3,12,0.86,0,1,1.76
2,1,3,1,1.23,1,2,3.0
1,1,1,9,1.23,1,1,1.0
3,1,4,17,1.4,2,0,2.52
3,3,3,15,1.67,3,2,6.68
4,1,4,6,1.93,2,3,5.49
2,2,4,20,1.09,0,3,1.35
2,1,4,13,0.94,0,0,0.67
1,3,4,14,1.74,1,1,0.5
3,2,3,16,1.55,1,2,3.63
2,1,1,12,0.71,3,3,6.98
3,1,3,9,0.9,3,3,7.78
1,2,2,18,0.97,3,0,5.29
1,3,2,23,0.89,0,0,0.5
2,3,4,12,1.98,3,3,5.4
2,1,4,6,0.83,1,2,1.3
2,3,4,23,0.55,2,3,5.3
2,1,1,0,1.6,1,3,4.27
3,2,1,15,0.53,0,1,2.7
3,1,4,24,1.91,1,3,3.25
1,2,1,0,1.36,2,1,3.01
4,2,3,14,1.27,2,3,9.02
1,1,4,22,1.83,2,0,1.14
3,2,2,0,1.5,1,2,4.01
2,2,1,5,0.96,2,2,5.72
4,3,2,22,1.03,2,1,5.71
1,3,3,2,0.78,3,0,4.35
2,1,4,2,0.91,0,3,1.88
3,3,1,4,1.13,1,0,2.89
4,3,4,17,1.71,1,3,5.51
4,3,3,17,0.57,3,2,9.54
1,1,1,13,1.26,1,1,0.5
4,1,4,0,0.79,3,0,7.18
2,1,4,2,1.33,3,3,4.3
1,2,1,12,1.99,0,0,0.5
3,2,4,21,1.7,2,3,5.86
3,2,3,21,0.6,3,0,7.21
2,1,1,23,0.74,1,2,2.27
2,1,2,13,0.85,2,3,6.3
3,1,1,7,0.7,1,3,5.39
4,3,2,19,0.71,2,1,5.6
3,1,3,22,1.13,3,1,4.52
3,3,3,0,1.53,0,2,2.96
2,3,1,23,1.87,2,2,5.96
2,1,2,6,0.74,3,1,3.7
3,2,4,18,0.74,3,0,4.81
1,2,4,22,1.86,1,0,0.5
4,1,4,24,1.82,0,0,0.87
1,1,2,6,0.71,3,2,3.73
4,3,1,4,0.98,3,0,6.72
3,3,3,20,0.87,3,0,5.85
4,3,1,3,0.72,0,1,4.01
1,2,2,14,1.37,0,0,0.5
4,3,2,23,1.88,2,2,7.13
3,1,1,8,1.83,0,0,1.26
1,1,1,17,0.59,2,3,6.23
2,1,4,9,1.98,0,1,0.5
2,2,1,5,1.1,3,1,5.19
4,3,3,0,0.83,2,2,8.31
2,2,3,11,1.58,3,3,6.43
2,3,3,7,1.56,2,3,5.87
2,3,1,22,1.47,2,0,4.57
3,2,3,25,1.86,0,1,0.5
2,1,4,3,0.94,2,1,1.21
4,1,3,17,1.16,1,3,3.8
1,2,1,3,1.3,2,0,2.19
4,3,1,4,1.61,1,0,5.74
4,2,1,11,1.09,0,2,4.42
3,2,4,3,1.19,3,3,7.81
1,2,4,3,1.35,2,1,2.84
2,1,1,10,0.99,3,0,3.52
2,3,3,1,0.99,0,3,3.7
4,3,1,8,1.16,1,2,4.98
4,3,1,10,1.51,1,3,5.77
1,2,2,14,0.74,1,2,2.82
4,3,4,19,1.69,0,2,3.77
4,2,2,17,0.99,2,3,7.96
3,3,4,8,1.84,2,0,4.79
2,1,2,0,0.64,2,1,4.01
2,3,1,6,1.54,3,1,5.96
4,1,4,14,1.74,3,0,6.75
3,3,1,23,0.55,1,3,6.01
2,1,4,5,0.85,1,0,2.2
1,3,3,10,0.89,3,0,5.83
2,1,3,17,1.44,1,1,0.5
3,3,4,5,0.85,2,3,8.74
3,3,2,22,0.86,3,0,6.16
4,3,1,20,1.98,3,1,6.5
2,3,2,23,0.97,0,0,1.14
4,2,1,25,0.85,2,0,6.42
2,1,1,9,1.86,1,0,2.47
3,1,4,0,1.95,3,0,3.07
3,3,4,9,1.88,2,1,5.15
3,2,3,15,1.56,0,1,0.5
3,3,3,16,0.8,3,3,9.76
3,1,3,5,1.18,0,1,0.5
1,1,3,16,1.46,3,2,3.12
3,1,3,6,1.22,2,2,4.59
2,1,1,22,0.87,1,0,1.51
4,1,4,3,1.21,2,1,3.84
3,1,4,18,1.19,2,3,4.87
4,1,3,13,0.95,1,1,2.91
2,1,3,6,1.69,1,1,0.5
4,1,3,7,1.57,0,1,1.37
1,3,2,7,0.55,3,2,7.49
4,3,2,11,1.33,3,0,6.22
1,2,2,3,1.6,2,0,3.65
1,2,4,18,1.92,1,3,1.63
2,2,2,4,1.34,1,2,1.96
1,2,3,19,0.52,1,2,2.61
2,1,1,19,1.64,0,2,0.54
2,2,3,3,1.19,1,3,2.85
3,2,3,19,1.64,0,3,2.5
4,1,3,0,1.46,1,2,2.68
3,3,2,13,1.49,2,0,5.62
2,3,2,17,1.27,1,0,4.2
1,2,3,15,1.36,0,1,0.5
4,3,2,23,0.79,3,2,9.82
2,1,4,15,1.66,1,2,0.5
4,3,4,4,1.32,1,0,3.28
2,3,1,12,1.36,3,2,8.33
1,1,4,22,1.89,2,2,1.48
4,2,4,17,1.52,0,3,3.74
1,2,4,25,1.54,1,2,0.5
2,3,2,1,0.66,1,2,3.86
3,2,3,5,1.34,1,0,1.88
3,2,3,14,1.73,3,1,5.42
1,3,1,9,1.61,3,1,4.1
4,3,3,23,1.88,3,0,8.17
4,1,4,16,0.83,0,0,1.48
1,2,1,25,1.77,1,2,3.33
4,1,4,14,1.19,0,2,2.01
3,3,3,16,1.12,1,1,1.23
2,1,1,13,1.22,2,3,5.05
1,2,4,9,0.86,3,3,5.87
1,2,3,7,1.68,2,1,0.59
1,1,3,24,0.54,3,2,4.37
2,3,4,13,0.79,2,2,4.7
3,3,3,24,1.38,1,1,3.26
2,1,1,20,0.91,3,2,5.91
4,3,3,17,1.37,0,0,4.08
3,2,2,19,1.27,1,0,2.98
1,1,4,7,0.92,0,3,0.5
3,3,4,6,1.22,2,1,5.6
2,2,2,11,0.73,3,0,6.41
3,3,3,21,1.8,2,3,5.96
2,3,3,18,0.96,0,0,2.15
3,3,2,5,1.62,0,2,2.28
1,2,1,8,0.73,2,3,6.91
3,1,1,18,1.59,0,3,3.19
2,1,3,11,0.56,1,3,4.9
1,3,1,15,1.33,1,1,2.02
2,3,1,7,1.03,1,3,5.79
4,2,3,18,1.05,3,3,9.71
4,2,3,11,1.75,0,2,3.69
4,3,3,18,1.45,0,3,5.6
3,1,4,13,1.82,0,2,0.99
2,2,2,0,0.86,0,3,2.78
1,2,2,16,0.84,2,1,2.18
4,3,1,12,1.42,0,0,3.43
2,2,3,22,1.24,1,0,2.7
3,2,4,23,1.68,3,2,6.62
2,3,3,9,1.08,2,0,3.77
4,1,3,9,1.53,0,2,1.85
2,2,1,8,1.87,1,0,2.83
3,2,4,5,2.0,1,2,2.6
4,1,3,24,1.95,2,3,7.43
3,3,3,18,1.4,2,0,3.91
1,2,3,2,1.48,3,0,4.69
2,2,3,11,1.02,2,1,3.66
1,3,4,18,1.39,1,2,0.62
1,1,4,1,1.65,3,2,4.76
2,2,2,20,1.07,0,3,2.97
4,3,4,21,0.76,2,1,4.49
2,1,4,15,1.5,0,2,0.5
3,3,1,24,1.87,1,2,4.88
3,1,3,19,1.46,3,1,4.42
4,3,2,4,0.72,1,2,6.37
2,3,1,11,1.52,1,3,3.73
3,3,3,5,1.73,0,1,0.5
4,3,3,14,1.87,1,0,3.88
4,3,1,2,1.25,2,3,10.05
4,2,4,4,1.54,1,2,3.2
3,3,1,20,1.62,3,2,8.21
1,2,1,17,1.4,2,1,1.18
2,2,3,20,1.8,1,2,2.05
2,3,1,23,1.54,2,3,5.64
2,1,4,5,1.66,2,1,1.25
2,1,3,18,0.5,1,3,2.98
3,2,2,11,1.74,0,2,3.64
4,3,3,6,1.71,2,0,5.27
1,3,1,25,0.57,0,3,3.56
4,3,2,22,1.55,2,1,6.54
4,1,1,6,1.65,2,0,6.06
1,2,2,22,1.34,2,3,5.05
1,1,3,25,1.22,1,2,0.5
1,2,3,15,0.67,0,3,0.85
4,3,2,14,0.5,0,0,2.72
4,3,2,3,1.51,2,2,8.84
2,1,3,8,1.4,1,2,0.66
4,3,2,4,0.6,0,2,5.6
2,1,2,21,0.84,1,2,2.09
2,1,2,1,0.89,0,1,0.5
1,2,4,6,0.62,2,0,2.11
4,1,1,10,1.36,3,0,6.01
2,1,4,4,1.02,3,1,4.09
3,1,3,5,0.61,3,1,4.77
3,1,2,2,0.92,0,2,2.02
2,1,4,16,1.41,2,1,2.17
4,1,1,8,1.36,2,2,6.28
1,2,1,19,0.92,1,3,4.66
1,2,2,11,0.61,0,2,1.26
4,2,4,25,1.78,0,3,5.47
3,1,1,23,1.82,2,1,2.99
3,1,2,24,0.8,0,0,1.2
1,3,4,10,1.85,2,0,2.98
1,1,1,23,1.27,2,2,2.16
3,2,2,20,1.99,2,1,4.8
4,1,3,20,1.2,3,0,6.96
4,3,3,24,1.11,3,3,10.41
4,2,2,1,0.75,2,0,5.11
4,1,2,7,1.34,0,2,4.1
3,1,4,11,1.68,1,1,0.53
1,1,2,15,1.59,0,2,0.5
4,2,2,12,1.81,1,2,6.03
2,3,4,13,0.65,2,1,2.8
1,2,3,18,0.67,0,3,1.34
4,1,1,18,1.51,2,1,3.68
4,2,2,2,1.65,0,1,2.74
4,2,2,13,1.34,2,0,6.43
3,1,3,0,0.97,1,0,3.29
2,3,2,18,1.56,2,1,2.94
3,3,3,15,0.55,0,0,3.49
1,1,3,5,1.78,1,3,2.18
3,1,1,8,1.69,0,3,2.19
3,3,4,1,1.67,2,2,6.33
1,1,3,3,1.32,3,1,2.16
4,3,4,3,1.95,1,0,4.37
1,3,1,8,1.32,3,0,3.82
1,2,1,25,1.83,0,2,0.67
2,3,2,2,1.89,2,0,3.73
2,2,1,12,1.42,1,2,2.38
3,2,2,11,1.23,2,1,5.4
4,3,2,19,0.55,0,2,4.59
3,1,1,5,1.91,3,3,7.54
4,3,4,16,0.76,1,1,3.02
1,1,2,7,1.82,1,2,2.46
1,1,2,25,1.94,1,2,0.9
3,1,3,22,1.26,1,3,3.05
4,2,3,11,0.87,3,3,9.42
3,1,2,9,1.79,0,3,3.62
3,1,1,23,1.31,0,1,1.58
4,1,2,24,1.66,2,3,7.65
4,1,1,7,1.24,1,0,4.2
4,3,1,0,1.03,0,1,3.71
1,3,1,6,1.83,1,2,4.03
3,1,4,25,0.61,3,3,5.65
3,3,4,25,1.28,3,0,6.16
1,2,1,10,1.69,1,0,1.96
3,2,2,22,1.06,2,1,5.03
2,3,2,6,1.42,1,1,2.12
3,1,2,17,1.99,3,3,5.89
2,2,1,1,0.56,0,2,2.63
3,2,3,9,0.76,2,0,5.66
2,3,1,15,0.59,2,0,6.08
1,1,2,24,1.38,2,0,1.19
4,2,2,6,0.77,0,1,2.54
3,2,2,7,0.52,0,0,1.8
3,3,3,17,0.59,1,0,5.25
1,2,1,10,1.29,2,3,6.7
1,1,4,18,1.51,1,2,0.5
2,1,1,17,1.91,3,3,7.38
1,3,3,9,1.85,2,1,1.23
1,2,1,21,1.96,1,1,0.5
1,3,3,7,0.94,2,2,4.88
3,2,4,5,1.53,1,1,0.62
1,3,2,8,1.84,0,0,0.5
2,3,1,15,1.94,1,2,4.39
1,1,1,11,1.58,1,3,1.01
4,3,1,11,1.55,3,2,8.04
3,3,2,4,0.97,2,1,5.78
1,3,1,20,0.58,1,1,1.53
2,3,2,10,1.59,0,1,0.5
1,1,1,5,1.08,1,3,1.32
3,2,4,1,0.62,0,1,0.98
3,3,2,16,0.97,2,1,5.74
4,3,3,8,0.75,0,2,3.35
3,3,1,18,1.24,2,3,7.6
4,3,1,1,1.22,1,3,8.12
2,3,2,12,1.05,2,1,5.05
2,2,2,9,0.99,1,3,4.62
1,1,2,13,0.9,0,3,2.34
3,3,1,2,0.99,3,0,6.58
1,3,2,7,1.59,1,3,3.02
3,1,4,19,0.56,3,1,3.52
1,1,4,14,1.12,0,2,1.01
3,1,2,19,0.62,3,0,6.34
2,3,2,8,1.88,0,3,4.7
1,1,4,22,0.96,3,0,2.13
4,3,1,23,1.65,1,1,4.16
4,1,2,4,1.8,3,0,5.04
2,3,1,12,1.64,3,2,6.91
3,2,2,20,0.67,3,3,8.71
2,2,3,17,1.34,2,2,5.31
2,3,4,5,1.1,0,1,0.5
4,1,3,20,1.58,2,3,5.44
3,2,2,0,1.99,1,2,4.92
3,1,3,6,1.73,3,1,4.23
3,2,4,16,1.78,3,3,7.39
1,2,3,12,1.93,0,1,0.5
4,2,1,1,1.46,3,1,6.89
2,1,2,10,1.75,0,2,1.72
1,2,2,23,1.25,0,1,0.5
2,2,2,5,1.75,3,0,3.97
3,2,1,18,0.88,1,3,5.71
1,2,4,12,1.81,2,3,4.91
4,2,4,20,0.99,1,1,3.59
1,2,1,3,1.62,1,1,0.84
3,3,1,19,1.48,3,2,8.79
3,2,2,5,0.66,3,2,6.06
1,3,3,23,0.76,0,0,1.95
3,2,3,11,1.33,1,3,3.99
2,1,4,1,1.34,0,0,0.5
3,1,4,0,1.31,2,1,2.24
1,1,2,11,1.61,2,3,3.27
2,1,4,19,1.7,3,3,5.49
1,2,3,7,1.65,0,0,0.5
3,3,3,23,1.36,3,2,7.61
1,2,1,17,1.03,0,2,0.5
3,3,3,3,1.18,0,3,3.32
2,1,2,19,0.71,3,3,6.96
3,1,4,17,1.5,0,1,0.5
4,2,2,12,1.25,2,3,7.88
2,1,1,10,0.8,3,0,5.29
4,3,2,23,1.94,3,3,9.33
4,1,2,7,1.34,0,3,3.52
2,2,2,20,0.52,3,1,3.56
4,3,1,9,1.66,3,3,10.92
3,2,1,0,0.78,3,0,8.08
3,1,4,16,1.77,3,1,3.47
1,2,1,12,1.94,0,0,0.61
4,3,2,3,0.76,0,1,2.88
1,3,2,6,1.65,1,2,1.78
3,3,1,5,1.76,3,1,4.68
3,1,4,12,1.92,0,1,0.5
3,2,2,20,1.37,0,3,3.83
3,3,4,4,1.29,3,0,6.38
1,2,4,7,1.53,3,1,2.01
4,3,3,20,1.78,1,2,5.16
1,2,2,20,0.92,1,3,4.34
1,2,4,18,1.74,2,3,3.32
4,3,2,18,0.65,0,2,3.85
4,3,4,14,1.55,1,1,2.93
4,1,3,0,1.2,2,0,5.94
2,1,4,24,0.57,0,3,0.73
1,3,4,22,1.42,3,3,6.03
4,1,1,10,1.69,0,3,3.65
4,1,2,2,1.27,2,3,8.33
4,3,1,4,0.86,3,1,8.6
1,1,4,1,1.36,2,2,3.15
4,3,1,25,1.89,1,1,2.97
4,3,2,20,1.83,3,0,8.27
1,1,4,1,0.86,3,2,4.92
1,3,1,11,0.8,2,0,4.67
4,2,1,10,1.97,0,2,5.26
4,2,3,24,1.25,2,0,5.91
3,2,2,19,1.1,0,0,3.52
4,1,4,4,1.96,3,0,4.96
1,2,1,0,1.14,1,2,2.81
2,3,3,10,0.76,0,0,0.98
3,2,4,21,1.89,3,0,6.47
2,2,3,14,0.88,3,0,3.68
1,2,1,2,1.85,3,2,5.28
2,3,3,21,1.77,1,0,2.05
3,2,1,0,0.83,0,1,2.98
3,2,3,15,1.37,2,2,6.12
1,1,3,24,1.63,2,2,2.2
2,1,3,22,1.25,2,0,4.02
4,2,3,16,1.24,2,1,4.4
2,3,1,18,0.62,0,1,0.5
2,3,2,25,0.79,0,0,0.9
2,2,3,6,1.81,0,3,3.4
3,2,4,5,1.32,3,2,6.49
3,2,3,2,1.94,2,2,5.04
1,1,2,12,1.85,1,2,1.95
3,2,3,12,1.04,2,1,4.94
1,1,1,22,0.88,2,1,0.6
2,1,3,23,1.54,3,1,3.83
3,3,3,13,1.3,1,1,1.73
1,2,1,24,0.87,2,1,3.67
2,2,1,22,0.75,3,0,4.21
2,3,1,13,0.9,1,0,1.77
4,1,4,3,1.48,0,1,0.6
1,2,4,13,0.57,3,1,3.4
2,1,3,16,1.58,0,3,2.6
1,3,3,17,1.21,1,1,1.48
1,1,2,1,1.09,1,2,0.5
4,1,3,11,0.83,3,3,7.83
1,3,4,23,0.79,1,3,2.2
2,2,4,21,0.54,1,2,4.07
1,2,4,0,0.72,3,0,4.65
1,1,2,23,0.53,1,1,0.5
1,2,2,20,0.79,0,3,2.85
2,3,1,12,1.86,2,2,5.4
2,3,3,12,0.65,2,0,4.91
2,2,3,15,0.6,0,0,0.5
1,1,4,6,0.56,2,2,3.66
2,2,1,24,1.71,0,1,0.5
1,1,2,23,1.1,3,2,3.43
2,2,3,5,1.55,0,3,1.58
1,1,4,10,0.85,3,1,1.55
4,1,2,9,1.99,1,2,4.49
2,3,3,14,0.72,0,2,1.84
2,1,2,12,1.25,1,2,2.16
1,1,1,4,1.77,1,0,1.32
4,1,1,21,1.17,0,3,4.66
2,3,1,9,1.7,1,3,4.15
3,2,4,3,0.78,1,2,3.24
3,3,2,20,1.9,1,0,2.33
2,1,1,10,1.95,2,2,3.16
1,2,3,3,1.69,2,0,3.46
2,1,3,6,1.88,2,0,3.03
4,3,4,13,1.62,2,0,5.8
4,2,4,13,1.53,2,0,5.53
1,2,3,23,1.89,1,3,3.08
2,3,3,21,1.59,2,0,5.14
4,3,4,18,1.5,3,2,7.63
2,2,4,8,1.61,3,3,5.82
3,1,3,3,1.06,0,3,3.41
4,1,4,1,1.84,1,1,1.85
3,2,3,18,0.98,2,2,7.21
3,2,4,19,0.8,3,3,8.38
1,2,4,4,1.01,0,0,0.5
4,2,3,13,0.64,1,3,5.0
3,1,3,5,0.98,0,2,1.33
1,3,1,11,1.25,1,1,2.21
1,3,4,2,1.33,0,3,3.29
2,3,1,19,0.78,2,0,6.14
1,2,4,25,0.97,1,3,3.91
2,1,2,9,1.82,1,2,1.22
1,3,2,17,0.67,2,1,1.87
4,3,1,5,0.91,1,2,7.63
4,1,3,22,1.95,2,0,4.8
1,3,1,8,1.8,2,3,5.4
2,3,4,22,1.54,2,0,3.95
2,3,4,22,1.68,1,1,0.5
2,1,2,3,1.07,3,0,3.8
2,2,3,9,0.54,1,3,3.16
1,3,3,14,1.83,3,1,1.89
1,2,1,18,1.66,1,1,1.1
3,1,3,8,0.71,3,3,5.94
3,1,4,23,0.81,1,2,2.93
3,3,1,20,1.97,2,2,5.71
1,2,2,7,1.91,2,2,4.64
2,3,4,2,1.92,2,0,3.64
4,2,3,22,1.17,0,0,3.49
4,1,4,10,1.93,2,2,5.15
1,1,3,11,1.58,0,1,0.5
2,1,4,1,1.98,3,2,4.33
4,3,1,16,1.07,2,2,8.24
1,2,2,3,0.52,3,1,3.46
1,2,3,11,0.52,1,0,0.82
2,3,4,0,0.54,3,2,5.81
3,3,2,15,0.9,2,2,6.9
2,2,3,20,1.03,3,2,5.79
2,3,3,6,0.84,2,1,2.33
1,1,4,12,0.8,1,1,0.5
2,2,4,0,1.53,3,3,7.37
1,1,3,0,1.33,2,1,2.22
1,2,2,19,1.11,1,3,1.91
1,2,3,17,1.62,0,0,0.5
1,1,1,1,0.54,2,3,3.83
3,1,3,24,1.14,3,3,6.17
1,2,2,5,0.71,3,3,5.68
1,2,1,17,1.59,2,0,3.4
4,3,4,8,1.16,0,2,3.35
1,2,3,23,1.1,0,1,0.5
1,1,2,23,0.51,3,1,1.3
3,3,4,8,0.82,2,0,5.03
1,3,1,12,1.76,1,0,3.24
2,2,3,9,0.89,3,1,3.42
2,2,1,9,1.69,1,1,2.2
3,3,4,6,0.68,0,0,3.51
4,2,2,25,0.72,2,1,4.56
1,3,4,8,1.25,1,2,2.93
3,2,3,25,1.22,3,3,6.79
3,2,3,7,1.07,2,3,8.16
2,1,4,24,0.69,1,3,1.75
2,3,1,20,0.98,0,1,2.47
3,2,2,5,1.73,0,0,2.92
4,1,1,16,0.53,1,2,4.82
4,3,3,2,0.89,1,0,5.99
3,1,2,5,1.71,3,3,7.49
4,2,3,16,0.52,2,1,3.78
1,1,1,23,1.27,3,0,3.77
2,3,2,19,0.54,2,2,5.73
1,2,3,6,0.99,1,0,0.5
2,3,1,3,1.6,3,3,6.45
4,3,2,25,0.6,1,3,6.41
2,1,1,8,1.31,1,3,4.72
4,1,1,12,0.51,0,0,2.65
1,1,1,22,1.19,3,1,1.98
4,1,3,2,1.99,3,2,6.45
1,3,1,3,0.85,2,3,6.79
2,3,4,20,1.89,2,2,3.88
2,1,2,20,1.81,1,1,0.5
1,2,1,11,0.61,3,1,2.79
2,3,4,3,1.26,3,3,8.64
2,3,2,21,1.14,3,3,6.47
4,2,4,14,1.37,2,1,3.26
2,2,3,16,1.32,1,2,2.29
1,3,3,1,0.74,2,0,2.64
2,2,2,2,1.9,0,1,0.5
4,1,2,19,0.54,0,2,2.65
2,1,2,9,0.72,1,3,3.77
1,3,2,17,1.44,2,0,2.87
4,1,3,9,1.27,0,2,3.75
4,3,4,3,1.55,0,2,5.04
3,2,4,9,1.15,1,2,4.94
1,3,1,18,1.9,2,1,3.02
3,2,1,3,1.45,0,2,2.56
4,2,2,5,0.55,0,0,4.54
3,2,4,22,1.77,3,3,5.91
1,3,2,11,0.63,3,2,5.9
4,3,1,19,0.9,1,3,8.3
2,1,3,6,0.73,2,0,4.34
1,3,1,17,1.76,3,1,4.36
3,2,4,0,1.85,2,1,4.38
1,3,1,15,0.89,0,0,1.29
1,2,2,12,0.65,0,3,0.98
1,3,2,14,1.96,3,3,5.52
1,2,3,2,0.88,0,1,0.5
3,1,4,24,0.51,2,0,5.68
1,1,1,20,0.95,1,2,1.56
3,2,3,10,0.68,0,1,1.25
4,2,1,18,1.15,1,1,4.73
4,1,1,4,1.13,0,2,3.82
4,3,1,11,1.29,1,2,6.57
4,2,2,14,1.29,1,0,2.76
4,3,1,15,1.11,2,0,8.42
4,1,2,9,1.88,0,0,0.5
2,2,2,4,1.66,3,2,6.09
2,2,3,13,1.33,2,1,3.89
4,1,4,12,1.81,1,3,3.4
4,2,1,18,0.61,1,2,6.45
4,3,1,16,1.36,3,2,9.71
1,3,4,0,0.59,1,3,4.81
1,1,3,22,0.93,1,2,0.5
4,3,4,13,0.81,2,0,6.82
2,1,4,23,1.86,0,1,0.5
1,2,3,9,1.68,2,0,2.36
3,1,3,24,1.77,1,1,0.5
1,2,4,13,0.58,0,3,2.16
2,3,1,12,0.99,1,0,3.89
4,1,3,1,1.37,0,3,3.43
3,3,3,21,0.77,1,1,1.63
1,2,2,4,0.74,3,2,4.22
1,2,3,14,1.17,1,0,1.09
4,2,1,20,2.0,1,3,6.33
1,2,1,16,1.3,3,1,4.14
1,2,1,10,1.73,1,2,1.16
3,2,2,8,1.43,3,3,9.23
4,2,4,6,0.98,1,3,5.55
3,1,3,12,0.59,3,1,5.1
4,2,3,18,1.7,2,0,6.89
4,3,2,4,0.71,0,2,4.5
3,3,4,24,0.66,1,3,5.14
1,1,3,10,1.05,0,2,0.5
2,3,4,25,0.79,1,1,1.62
3,1,1,17,1.07,0,2,2.07
3,3,3,21,0.72,0,2,3.73
4,1,4,10,1.74,2,1,3.88
1,3,3,12,1.26,1,3,3.38
4,3,2,12,0.79,2,3,10.44
1,1,3,15,1.76,2,3,4.92
3,2,2,15,0.59,2,2,7.28
2,3,1,21,0.68,2,3,8.82
3,3,4,9,0.65,0,1,1.87
4,1,3,13,1.25,2,0,6.29
4,3,2,15,0.68,3,1,6.62
3,1,2,0,1.73,0,1,0.5
1,3,2,24,1.6,2,1,2.05
3,3,2,10,0.68,1,3,5.18
2,2,4,2,0.73,1,1,1.02
1,1,2,12,0.75,1,2,1.04
4,2,4,12,1.02,2,3,6.8
4,2,4,18,1.23,0,1,1.23
3,3,1,23,1.36,1,3,5.84
4,2,1,9,1.75,3,3,8.64
2,1,2,23,1.02,2,2,5.37
4,3,3,12,0.6,3,0,7.33
1,1,2,16,1.55,3,2,2.86
1,3,1,13,1.94,1,1,2.01
1,2,1,22,1.21,2,3,6.24
3,2,2,20,1.38,2,2,6.05
1,2,1,11,1.31,1,0,0.5
3,2,2,5,1.3,3,1,3.63
3,2,3,11,1.62,2,1,2.55
2,1,2,16,0.55,2,1,2.77
2,3,1,7,1.75,0,3,4.28
4,3,3,9,0.83,3,3,9.45
3,3,1,23,0.58,1,0,3.02
1,3,4,5,1.42,2,3,4.96
4,1,1,1,1.44,0,3,5.99
1,1,1,15,0.75,3,3,6.47
1,2,3,13,0.94,1,0,0.5
4,3,1,7,1.85,1,1,4.37
2,1,4,3,1.19,2,2,3.42
3,2,2,11,1.91,0,2,1.74
1,3,3,12,1.75,3,3,7.08
1,1,1,7,0.91,1,0,0.5
1,3,4,9,0.59,2,0,3.79
3,3,1,20,1.9,3,2,6.76
2,2,4,9,1.66,0,2,2.47
4,3,3,24,1.88,0,3,6.55
3,3,3,22,1.39,1,1,3.72
1,3,3,4,0.75,1,2,3.7
1,3,2,7,1.39,2,1,2.79
2,1,2,4,0.9,3,3,5.8
2,1,1,10,1.57,1,0,1.43
1,1,2,23,1.22,3,0,3.77
1,3,3,16,1.49,1,3,3.03
3,3,1,14,1.52,3,2,7.98
2,3,1,22,0.66,3,3,9.6
3,1,4,17,1.26,3,3,6.78
1,2,4,22,1.31,1,1,0.77
2,3,2,24,1.42,2,0,3.68
2,2,4,9,1.13,1,3,3.27
4,2,3,25,1.07,2,2,7.4
3,1,1,16,1.51,2,1,2.72
4,2,3,12,1.01,1,2,4.65
3,1,1,15,1.57,2,3,6.26
2,3,2,23,1.64,3,1,3.83
3,3,3,4,1.98,1,1,2.45
2,1,4,10,0.66,0,2,0.62
2,3,4,18,1.69,1,1,1.62
4,3,3,13,0.99,3,0,9.08
3,1,1,7,0.92,2,0,5.91
4,2,1,15,1.24,3,0,7.58
3,2,2,20,0.9,1,0,2.59
4,3,4,6,1.94,2,0,6.58
2,2,3,5,1.13,3,2,6.83
1,2,1,22,0.88,0,2,2.55
4,3,1,13,1.93,1,1,4.12
3,1,1,19,0.67,3,0,6.9
3,2,1,7,1.56,1,0,3.61
3,2,1,25,1.84,3,3,8.84
1,2,3,0,1.33,0,2,0.5
1,3,2,1,1.14,2,0,4.27
1,2,3,3,2.0,1,3,2.09
2,3,1,20,0.95,1,2,3.26
1,1,4,20,1.68,2,0,0.5
3,1,1,7,0.88,1,0,2.41
3,1,3,18,1.91,1,0,1.36
3,1,2,12,0.55,1,2,3.44
3,2,4,4,1.17,0,3,4.39
1,1,3,17,1.84,1,1,0.5
2,2,2,14,1.77,1,0,0.9
4,1,4,17,1.72,3,2,6.01
3,3,1,16,1.92,0,3,3.8
1,1,3,15,0.62,3,0,1.96
2,1,4,19,1.06,0,0,0.5
3,2,4,11,0.84,3,1,5.92
4,1,1,15,0.65,0,3,5.21
4,3,2,19,1.93,2,3,8.72
3,1,1,23,1.77,2,0,3.6
1,3,2,17,1.12,3,1,4.05
2,2,3,2,1.05,0,0,1.98
4,1,1,8,1.36,0,2,3.29
3,2,4,22,1.65,3,0,4.42
4,2,1,2,1.13,0,3,4.16
2,1,2,24,1.25,1,0,0.5
3,1,4,8,1.41,2,0,4.96
2,2,1,14,0.68,0,1,0.5
1,3,4,10,0.55,2,0,4.12
4,1,2,16,0.68,3,0,7.14
3,1,1,7,1.91,1,1,0.76
2,2,2,4,1.16,0,0,0.98
1,1,4,19,0.97,3,0,4.19
2,2,2,24,1.8,0,3,1.88
2,1,2,6,1.43,0,3,3.65
3,3,3,6,0.88,2,2,5.58
4,2,4,25,1.42,2,0,6.29
3,2,1,18,1.03,2,3,8.46
2,3,2,12,1.76,2,3,6.41
4,1,1,19,1.6,3,1,5.81
2,3,3,17,1.71,0,2,1.6
2,2,2,3,1.29,0,1,0.5
1,3,1,17,1.91,3,2,4.82
3,2,1,21,0.94,3,0,7.83
3,1,2,1,0.86,0,2,2.61
3,1,3,15,0.62,3,2,7.62
1,2,1,19,1.09,0,0,0.5
3,1,4,10,1.32,2,3,5.95
3,1,3,5,1.25,1,1,1.83
3,2,2,6,0.97,1,0,1.89
1,2,1,16,1.17,0,3,2.52
3,1,3,1,1.28,0,1,0.64
1,3,1,8,1.91,0,0,0.5
2,1,1,8,0.75,2,1,2.8
3,3,2,7,0.96,2,3,7.56
1,2,4,18,1.39,2,0,2.8
1,2,4,19,1.85,1,1,0.5
4,1,4,8,1.03,1,1,2.58
1,1,3,1,1.27,2,2,4.4
1,3,3,8,1.95,2,3,4.4
4,1,4,11,1.23,3,3,7.28
2,1,4,21,1.39,0,3,1.74
1,2,4,23,1.76,1,2,1.58
4,1,4,15,0.56,1,0,4.63
1,3,4,23,1.68,0,2,1.38
4,3,2,4,1.35,3,2,9.59
1,2,1,0,1.14,1,0,0.82
1,2,4,0,1.9,2,1,0.5
3,2,4,20,1.13,0,3,3.07
1,1,4,20,1.72,2,1,0.52
1,2,3,7,0.6,1,0,0.5
4,3,3,23,1.32,3,3,8.82
3,3,4,3,0.97,0,0,2.42
2,2,1,6,1.95,2,1,3.0
3,1,1,8,1.96,3,0,3.97
3,1,4,16,0.58,0,1,0.77
1,3,4,3,1.48,3,1,1.83
3,1,1,17,1.42,0,1,1.04
4,3,2,3,1.67,2,2,6.43
2,1,4,11,1.2,1,1,0.5
1,1,3,12,1.93,1,2,0.5
1,2,4,11,1.67,3,1,3.17
2,2,2,14,1.33,1,1,0.5
2,1,2,12,0.82,1,3,4.42
2,1,2,6,0.54,2,1,2.21
2,3,2,2,1.9,1,0,1.5
1,1,2,23,1.51,0,1,0.5
3,2,3,23,0.78,1,2,3.04
4,3,4,12,1.41,0,1,2.51
3,2,1,13,1.11,2,1,3.65
2,1,2,1,0.68,3,0,5.97
1,3,4,9,1.02,2,3,6.46
1,2,1,7,0.83,2,1,2.88
4,3,3,15,1.75,2,0,6.11
1,2,1,3,1.64,0,2,1.91
2,2,2,2,1.93,1,1,0.5
1,2,2,6,1.07,0,0,1.53
4,2,3,11,1.49,1,2,5.98
4,3,1,12,1.38,1,2,6.45
3,3,3,3,1.35,1,1,1.51
4,3,4,11,1.25,3,2,7.91
1,3,4,1,1.56,0,1,0.5
1,1,3,21,1.71,2,3,4.2
2,3,2,12,1.99,0,1,0.5
2,3,2,3,1.85,3,3,8.07
4,3,4,23,0.94,1,0,3.91
2,1,1,7,1.63,1,1,1.39
4,2,1,11,1.03,3,0,8.11
4,1,1,17,1.87,1,3,6.52
3,2,1,12,0.69,2,0,4.93
3,2,1,13,1.59,0,2,2.17
3,1,2,20,0.94,3,3,6.13
2,1,1,16,1.65,0,1,0.5
4,1,4,20,1.65,2,0,3.19
3,2,1,23,1.36,1,0,4.22
3,3,4,7,0.59,0,1,1.18
3,3,1,11,0.57,3,3,10.13
1,1,4,8,1.49,1,1,0.5
1,2,1,17,1.44,2,3,6.62
4,3,2,2,0.53,0,0,5.2
2,1,3,8,0.72,3,1,4.71
3,2,2,7,1.45,0,0,2.94
4,3,1,15,1.4,0,3,6.28
1,3,2,14,1.78,3,0,3.59
4,2,4,24,1.5,0,0,2.51
2,1,3,22,1.8,3,3,4.43
1,3,2,17,1.11,3,0,5.23
3,1,1,23,1.65,0,0,2.25
2,1,1,2,1.74,0,0,1.54
2,2,4,11,1.93,2,3,6.36
4,1,3,20,0.74,0,1,0.6
3,2,1,11,0.51,2,3,6.51
2,2,2,11,0.87,1,3,4.57
3,1,3,11,1.48,0,2,1.55
1,2,1,5,1.43,1,2,0.89
4,2,3,24,1.46,2,1,3.87
3,1,4,19,1.55,0,1,0.5
4,2,1,16,1.55,3,2,7.61
3,2,3,9,1.25,0,2,3.86
3,3,4,17,0.52,0,0,2.31
4,3,3,4,1.49,3,3,8.64
2,1,1,14,1.88,1,0,1.27
2,2,4,9,1.98,1,2,2.66
4,2,1,14,1.11,1,2,6.52
2,2,1,0,0.7,2,0,6.11
4,1,2,17,1.59,3,2,7.58
3,3,2,7,1.5,2,1,6.01
3,3,3,19,1.58,2,1,4.33
2,3,4,0,1.45,3,2,5.71
2,3,1,1,0.92,1,2,4.97
3,2,1,12,1.47,1,2,4.0
4,3,1,12,1.24,0,3,6.15
4,3,1,9,1.5,0,2,6.03
1,3,3,11,0.55,3,2,4.78
1,2,3,3,1.87,1,2,2.54
4,3,4,4,0.54,2,2,7.15
3,1,4,21,0.89,3,3,6.47
1,2,1,16,0.62,2,3,4.26
3,2,1,1,1.47,0,1,2.71
4,1,2,2,0.72,1,3,5.03
4,3,2,5,1.1,0,0,3.25
2,1,1,10,1.3,1,3,2.38
4,2,1,13,1.47,3,3,10.27
4,1,1,11,0.59,2,2,8.45
3,3,1,11,0.59,0,2,3.96
3,3,3,16,1.83,3,1,4.34
4,1,1,11,0.55,1,1,2.44
2,2,1,11,1.93,3,0,4.0
3,3,2,22,1.98,2,0,6.43
4,1,2,11,1.55,2,3,6.08
1,2,2,15,0.51,3,3,5.07
1,1,2,1,1.29,1,0,0.5
1,1,3,11,1.0,1,2,2.22
4,2,4,6,1.22,3,0,7.7
3,3,3,1,1.44,2,1,3.99
2,2,2,4,1.53,0,2,0.5
1,3,1,1,1.13,1,1,2.45
4,3,2,10,1.56,3,1,7.38
4,1,2,8,1.33,0,1,0.5
4,3,2,1,1.06,3,1,5.91
2,1,3,21,1.27,2,1,1.23
3,2,2,9,1.17,1,0,3.78
2,1,1,2,1.09,3,0,4.4
1,1,3,13,1.32,2,1,0.5
3,1,4,16,1.13,3,1,3.9
1,1,3,8,1.64,3,3,3.55
4,3,1,16,1.83,1,0,5.43
2,2,3,22,0.62,3,0,5.98
3,2,2,25,1.19,0,0,2.32
3,2,1,1,0.73,3,0,5.94
1,2,4,0,0.77,0,1,0.5
3,2,4,0,1.05,2,1,4.58
1,1,1,21,0.65,1,2,2.49
2,1,2,21,1.76,3,1,3.51
2,2,4,11,0.77,2,0,3.73
3,2,1,23,1.47,3,3,6.95
4,3,4,8,1.05,2,2,7.52
4,2,3,2,1.73,1,3,6.34
2,3,2,22,0.84,2,2,7.46
2,1,4,2,1.99,3,2,3.13
3,2,2,0,1.89,0,2,2.8
4,1,3,8,0.94,3,1,6.21
3,3,2,10,1.3,1,2,4.49
1,2,4,24,1.61,1,3,2.64
4,3,1,1,1.34,0,0,5.01
3,1,4,1,1.13,3,3,8.23
2,2,2,7,1.07,1,0,2.77
3,2,3,12,1.22,0,2,3.37
2,2,3,22,0.93,3,1,2.51
2,1,4,1,1.35,1,2,1.39
1,2,2,14,1.85,1,1,0.5
1,3,2,1,0.6,2,3,5.55
3,1,1,20,1.77,0,2,1.52
4,2,3,15,0.73,3,2,8.62
2,2,4,20,1.92,0,1,0.5
4,1,4,16,1.88,1,2,4.52
2,1,1,9,1.13,2,1,1.91
3,1,2,12,1.06,1,1,2.13
1,3,4,5,1.86,1,3,3.2
3,2,1,0,0.66,3,2,8.84
2,2,3,11,0.57,3,3,6.95
4,3,4,3,0.79,3,0,8.87
2,2,3,23,1.58,3,0,4.41
3,1,3,6,0.79,1,3,3.5
2,1,3,22,0.76,3,3,5.12
2,1,2,19,1.37,3,1,2.94
4,3,2,8,1.44,2,3,9.56
4,3,3,1,1.91,3,1,6.63
4,1,1,8,1.52,3,2,8.95
1,1,1,17,1.82,1,1,0.5
3,1,1,9,1.24,3,2,5.62
4,1,1,8,0.52,3,1,6.79
1,1,1,24,1.07,2,2,3.35
1,1,2,14,0.56,3,2,4.16
1,3,4,3,1.89,2,0,4.1
3,2,3,0,1.01,0,3,5.03
3,3,4,18,1.09,0,1,2.12
1,3,3,2,1.6,1,0,0.92
1,3,1,0,0.99,1,3,5.5
4,2,4,16,0.91,0,0,4.11
3,3,1,11,0.7,0,2,5.08
1,1,2,19,1.16,0,1,0.5
1,2,1,8,1.24,3,2,5.48
3,3,1,6,1.28,1,3,6.55
4,3,2,22,0.62,0,3,6.1
3,1,4,22,1.33,1,3,4.15
2,3,4,14,1.3,1,3,3.97
3,1,4,18,1.02,3,0,4.11
2,3,2,1,1.42,1,2,3.06
1,3,3,10,1.42,3,2,6.51
2,1,1,4,1.19,3,3,5.85
2,2,1,8,1.14,3,1,3.8
2,1,4,9,1.51,0,3,2.87
3,2,4,9,1.56,2,2,5.34
4,1,1,2,1.4,1,0,2.23
2,3,1,23,1.85,2,1,5.0
4,1,1,25,1.46,0,0,1.3
1,3,4,12,1.58,1,2,2.45
2,1,4,20,1.6,1,2,0.72
1,2,3,4,0.57,1,0,1.75
4,3,1,24,1.28,1,2,6.75
1,3,3,7,0.89,1,3,4.73
2,1,2,20,1.01,1,3,4.73
4,2,3,17,0.52,1,2,5.82
4,1,3,25,1.19,2,2,6.07
1,1,2,4,1.53,1,3,2.88
1,3,4,22,0.8,0,2,1.19
4,3,1,16,1.27,3,1,7.94
2,1,4,19,1.24,2,2,5.03
3,3,1,2,0.92,2,2,7.05
1,2,3,14,1.66,3,0,3.6
3,2,4,2,1.72,2,1,2.47
1,3,4,0,1.37,0,1,0.5
2,1,3,22,0.65,0,1,0.5
4,3,2,10,0.55,3,1,5.78
4,2,1,7,0.99,0,0,2.64
3,2,1,0,0.51,0,0,1.37
3,2,2,14,1.43,0,3,3.81
2,1,3,9,1.33,1,1,0.5
2,2,1,23,1.44,0,0,0.5
2,1,2,18,1.24,3,3,6.68
1,3,2,3,0.92,0,1,0.71
1,1,1,21,1.18,1,0,1.29
3,2,4,19,1.9,0,0,1.47
2,2,2,9,1.06,1,3,3.26
1,1,2,19,1.22,1,1,0.71
4,1,1,1,0.93,3,3,9.66
3,2,3,22,0.87,1,3,3.58
2,3,4,19,0.51,1,2,4.26
3,1,4,8,0.72,0,3,4.18
3,3,3,12,0.66,1,1,2.17
3,3,4,16,1.47,1,0,3.66
4,2,2,24,1.58,2,1,3.64
3,2,3,21,1.63,1,3,3.32
3,1,4,15,1.58,0,0,1.87
2,1,2,21,1.01,2,2,3.46
1,3,3,2,0.86,3,0,3.77
1,1,1,0,0.98,1,2,0.68
2,1,4,21,0.73,2,1,2.73
1,3,1,10,0.94,2,0,3.76
2,3,4,20,0.76,0,2,1.15
2,2,4,4,1.85,3,3,5.83
4,2,3,13,1.48,2,0,6.79
3,3,3,13,0.71,1,0,2.53
4,3,1,6,1.36,1,3,7.33
2,1,1,7,1.69,2,2,4.98
4,2,4,5,1.18,0,2,3.0
4,3,1,7,0.53,0,0,5.49
2,1,1,20,1.04,1,2,1.56
1,3,2,19,0.6,2,1,3.47
1,3,1,21,1.33,2,2,3.59
4,1,2,4,1.69,2,0,5.75
2,2,2,3,1.38,2,2,5.19
2,1,1,2,0.83,0,3,1.55
2,1,2,21,1.05,0,3,1.26
2,3,4,0,0.84,2,1,2.6
4,2,1,17,1.01,0,3,4.29
2,2,4,6,1.45,0,2,0.79
2,1,3,19,1.32,1,1,0.5
1,1,4,19,0.75,2,0,2.25
4,1,2,11,1.13,1,2,5.17
1,3,2,10,1.37,1,1,0.71
1,3,1,22,1.42,0,2,1.96
3,1,2,12,1.03,0,1,1.61
1,1,4,12,0.53,0,0,0.5
1,3,3,17,1.66,0,1,0.5
1,3,3,8,0.73,1,1,0.5
1,2,3,4,1.42,3,3,6.44
4,1,3,14,0.79,1,3,6.42
2,2,3,3,1.36,1,0,1.14
1,1,1,16,1.04,0,3,0.56
2,3,2,14,1.08,2,3,5.46
2,2,3,19,0.66,0,3,3.08
3,2,1,16,1.68,1,1,1.96
3,3,3,17,0.99,0,0,3.84
2,1,1,2,1.93,2,1,1.95
4,2,3,4,1.65,2,0,4.95
4,3,4,20,1.15,3,1,7.27
3,3,2,10,1.74,2,1,4.83
4,2,3,9,1.26,0,3,4.68
3,3,4,1,1.65,2,2,4.44
4,3,2,1,0.63,3,3,10.95
3,1,2,4,0.79,3,3,7.52
1,3,4,9,1.42,1,2,0.81
3,2,2,7,1.08,0,0,1.05
3,2,4,13,0.61,2,2,5.43
1,3,2,5,0.67,3,1,2.74
2,1,2,21,1.69,1,0,1.18
2,1,3,4,1.47,3,2,5.01
4,2,3,16,0.68,0,1,0.88
4,3,1,11,1.03,1,1,5.61
3,1,1,17,1.93,0,1,0.5
3,3,2,8,1.55,2,2,7.96
2,2,2,14,0.9,3,1,4.38
2,3,4,18,1.48,3,2,6.9
4,1,2,25,0.83,3,2,8.21
3,1,3,24,1.82,0,3,3.34
2,3,1,24,0.87,3,0,6.43
4,2,2,21,1.86,1,2,5.97
1,2,3,23,0.77,1,0,1.33
1,2,3,25,0.86,2,1,1.88
1,1,1,5,0.87,0,0,0.7
4,3,1,23,1.6,2,3,7.97
4,1,2,2,1.32,1,2,5.76
2,3,3,7,1.57,1,2,3.0
1,2,1,7,1.22,3,1,2.25
4,2,4,4,1.31,2,1,5.45
2,2,3,1,1.24,1,2,2.53
4,3,3,20,0.96,3,0,6.8
4,1,2,8,2.0,3,0,4.63
4,2,3,3,1.44,1,2,3.41
3,3,2,12,1.01,3,1,6.15
1,3,3,18,1.92,0,0,0.5
1,2,3,0,1.08,2,2,5.32
3,2,4,6,1.68,0,1,0.5
4,2,4,13,0.64,3,1,6.56
3,3,3,15,0.81,3,0,5.53
4,3,3,13,1.17,1,3,5.14
1,3,2,3,1.6,3,3,5.71
4,3,4,22,1.33,3,0,6.21
2,1,1,4,0.59,3,1,4.9
3,3,4,0,0.62,1,3,5.42
3,3,2,16,1.47,2,3,7.42
4,2,3,22,1.87,1,1,2.64
1,2,1,7,1.74,1,0,0.9
1,1,4,1,1.67,1,3,2.97
2,1,4,7,1.56,2,2,3.4
4,3,4,18,1.75,2,2,7.65
1,1,1,14,1.39,0,0,0.5
1,2,4,13,0.94,2,2,4.53
2,3,1,22,1.4,3,2,5.6
1,3,2,24,1.49,3,1,2.89
2,2,3,3,1.16,0,3,1.43
3,1,2,21,1.81,1,1,2.15
1,2,2,4,1.96,3,0,3.16
4,2,4,24,0.85,1,2,5.66
3,2,4,3,0.75,1,3,3.55
1,2,3,15,0.61,0,0,0.5
2,3,3,0,1.6,0,1,1.29
1,3,3,5,1.52,3,2,4.64
1,2,2,18,1.41,2,2,2.98
3,3,2,23,0.62,1,3,6.68
3,1,3,13,1.51,2,3,5.32
3,2,1,5,1.31,3,1,6.25
1,1,4,13,1.57,2,3,4.77
4,1,4,15,0.69,1,2,5.19
3,3,3,2,1.14,0,1,2.98
4,3,2,12,0.97,3,2,8.65
1,2,3,14,0.76,1,1,0.5
1,2,3,10,1.81,1,1,0.5
2,1,4,0,1.39,2,0,2.42
4,2,1,11,1.19,2,1,6.25
3,1,3,14,1.02,1,2,4.65
1,2,2,25,1.36,0,3,1.46
3,2,4,23,0.73,3,3,8.15
2,2,1,7,0.54,2,3,5.63
3,2,1,12,1.24,0,1,0.5
1,2,2,13,0.62,3,1,2.35
2,2,4,2,0.56,0,1,0.78
3,1,1,6,1.09,3,0,5.26
3,1,2,5,1.09,0,1,0.5
2,1,3,23,1.35,2,2,2.49
1,2,1,12,1.86,1,2,2.86
1,1,1,0,1.39,2,1,0.5
4,1,2,2,1.78,3,2,8.18
2,1,3,16,0.57,0,2,2.66
2,2,4,1,1.57,2,2,4.22
4,3,1,6,1.06,2,1,5.91
3,2,4,11,1.26,2,2,5.44
4,1,1,16,1.69,1,3,5.75
4,3,3,19,1.67,0,3,5.02
1,3,1,1,1.21,3,3,6.28
4,1,3,20,1.99,0,0,0.5
2,1,2,2,0.92,2,3,4.35
3,2,2,21,1.49,2,2,6.21
1,1,2,18,1.82,0,2,1.21
4,3,1,14,1.38,1,0,5.75
3,2,4,9,0.85,1,1,1.81
1,3,4,4,1.19,2,2,3.08
4,1,4,23,1.05,3,1,3.94
2,1,3,7,1.63,2,0,2.5
1,3,4,18,1.29,0,3,2.12
2,1,2,22,0.81,2,0,2.68
4,3,1,7,1.8,0,3,5.77
2,2,2,7,1.4,1,2,4.41
4,1,3,6,1.5,0,0,2.77
4,3,4,13,0.6,1,1,4.05
3,2,3,6,0.78,3,2,7.69
3,2,3,4,1.28,1,1,0.65
2,2,3,22,1.13,3,0,4.31
2,1,1,14,0.93,0,1,0.5
2,2,2,4,1.38,0,3,2.6
2,3,3,21,0.71,1,0,3.97
2,2,2,7,1.19,3,1,3.57
2,1,1,16,1.74,3,2,5.63
4,2,3,7,1.27,1,2,6.19
4,3,1,15,1.88,0,0,4.57
1,3,2,20,1.02,1,3,2.74
3,1,2,7,1.35,3,0,5.98
1,3,2,0,1.37,0,2,2.67
4,3,2,3,1.23,0,1,2.61
1,1,2,10,1.84,0,2,0.5
2,1,3,1,1.66,3,0,5.07
3,1,1,22,1.7,2,2,5.9
4,1,4,13,1.19,2,2,5.34
4,2,1,6,1.58,3,0,8.3
4,2,3,12,1.42,0,0,2.77
4,2,3,6,1.78,0,3,3.41
3,3,3,23,1.81,2,1,2.9
2,3,2,11,0.96,3,0,5.07
4,3,3,3,1.49,3,2,8.43
2,1,3,19,0.97,2,1,0.9
3,3,3,21,1.3,2,3,7.54
4,3,1,22,1.03,1,3,6.36
3,1,3,20,1.7,2,0,5.17
1,3,1,23,0.57,0,2,1.54
1,1,4,21,0.9,2,1,1.98
3,3,4,6,1.99,1,1,2.71
2,3,3,3,1.5,1,0,1.9
4,1,3,5,1.16,3,2,7.74
1,3,4,23,1.93,2,2,5.01
1,1,3,17,0.57,2,1,1.74
1,2,4,5,1.58,0,2,0.5
4,3,3,21,1.02,1,2,4.65
1,1,2,13,1.08,1,3,2.83
3,2,1,22,1.16,0,3,2.97
4,3,4,5,0.57,0,2,3.58
4,2,3,23,0.89,2,2,5.93
1,2,2,16,1.04,1,3,2.71
4,2,4,25,0.63,0,0,3.46
2,1,4,15,1.19,0,0,0.64
4,2,4,25,0.54,2,2,7.0
3,3,2,8,1.76,0,1,0.5
2,3,4,7,0.69,1,2,4.35
2,3,4,22,1.41,3,1,5.5
2,2,1,25,1.35,1,2,3.37
1,2,3,20,0.98,1,2,3.08
1,1,3,2,1.26,1,0,0.94
2,1,3,19,0.63,0,2,0.5
3,3,4,16,1.9,0,3,2.37
1,1,4,14,0.58,0,0,0.5
1,3,1,23,1.64,0,1,0.5
1,2,2,17,0.98,2,3,5.59
2,3,4,10,1.03,3,1,5.5
1,1,3,13,0.74,2,1,2.49
3,3,4,8,1.24,2,0,5.92
4,2,3,7,1.77,3,3,9.17
3,3,4,24,0.82,0,0,1.38
3,3,1,25,0.85,0,2,3.53
3,2,4,7,0.78,2,3,7.85
4,1,3,9,0.81,3,0,7.38
4,1,1,23,1.85,3,2,8.1
3,3,2,5,1.01,2,1,4.28
2,3,2,11,1.46,0,1,1.16
4,3,2,17,1.77,3,0,7.81
1,2,3,9,1.26,2,3,5.9
4,2,2,19,1.93,3,1,5.83
2,1,4,22,1.35,2,3,3.61
1,3,1,22,1.37,1,2,1.52
2,2,4,11,0.53,2,0,3.54
1,3,2,0,1.62,2,0,4.07
4,2,4,5,1.85,3,3,8.09
3,3,2,25,0.71,0,2,4.1
2,1,1,6,1.81,0,2,0.81
4,2,1,21,0.96,1,1,3.29
3,3,2,12,1.52,3,1,5.72
4,2,1,16,1.87,2,2,6.08
2,1,3,23,1.46,2,3,5.76
3,2,3,10,0.91,3,2,5.57
3,3,3,3,1.11,2,3,8.6
3,1,2,18,0.8,3,1,4.71
2,2,3,22,1.33,0,0,0.5
3,2,4,22,1.92,2,3,6.3
3,3,3,17,1.72,1,0,3.28
2,2,3,25,0.95,2,1,1.99
4,3,4,2,0.98,2,2,6.37
4,3,1,3,1.31,3,0,8.63
1,1,4,17,1.05,0,0,0.5
4,1,1,18,1.99,2,1,2.84
3,1,4,6,1.36,1,2,3.17
1,3,1,24,1.15,2,0,4.92
1,2,2,25,0.77,2,3,5.08
2,1,4,3,1.36,2,1,1.84
2,3,2,14,1.62,0,3,4.08
4,1,1,0,1.44,3,1,5.32
4,3,4,3,0.64,3,0,7.37
3,3,1,0,1.59,0,0,1.45
3,2,3,10,0.84,0,0,1.31
3,1,1,13,1.2,0,3,3.82
4,1,3,5,1.78,0,0,2.29
3,2,4,12,0.51,2,0,5.71
4,3,4,5,1.1,1,2,6.69
4,2,3,16,1.52,0,1,1.8
2,1,2,15,1.09,3,0,5.56
1,3,2,11,1.96,0,2,1.97
2,2,3,11,1.25,1,1,0.61
3,2,2,17,1.11,1,3,4.95
3,1,1,15,0.65,1,1,1.88
3,1,4,9,1.16,3,3,6.3
2,2,1,7,1.17,3,3,6.06
1,3,3,2,1.11,2,1,2.27
3,1,2,12,0.54,2,2,6.3
3,2,1,15,1.93,2,1,3.08
3,2,4,22,1.95,0,3,3.44
3,1,4,10,0.7,1,2,3.51
1,2,1,5,0.8,3,0,5.34
4,1,4,3,1.55,3,3,8.04
1,2,2,2,0.52,1,1,0.5
1,2,1,0,1.41,2,1,3.21
2,3,3,13,1.34,0,1,0.5
2,3,3,24,1.89,0,1,0.5
1,2,1,18,2.0,0,0,1.18
1,3,4,23,1.36,0,3,2.71
1,2,1,16,0.87,3,1,3.12
4,1,2,4,1.49,1,0,2.23
4,2,4,19,1.39,3,2,8.01
4,1,2,25,1.74,3,2,6.78
4,2,4,17,1.9,0,3,5.29
3,3,3,14,1.99,1,3,6.37
3,2,4,5,0.91,3,3,6.38
4,1,1,18,0.95,2,2,6.52
4,2,4,17,1.13,1,0,3.78
3,1,1,23,1.01,2,3,6.22
3,2,2,5,0.56,0,3,4.67
2,3,1,20,0.64,1,1,1.77
4,2,3,18,1.69,0,0,2.47
2,2,4,14,0.81,0,3,1.73
2,2,2,21,0.79,0,1,0.51
2,1,4,19,0.82,3,3,6.39
1,2,2,7,0.62,0,3,0.94
3,2,2,16,1.64,3,0,5.38
3,2,2,6,1.2,2,0,5.0
4,2,3,14,1.88,2,0,4.78
3,1,3,25,2.0,1,3,2.4
4,3,2,11,1.77,2,3,9.4
4,1,4,16,1.39,2,1,4.82
2,2,3,23,1.92,2,3,4.18
4,3,4,6,1.07,1,2,6.02
1,1,4,7,0.96,1,3,1.29
2,1,2,12,1.91,0,1,0.5
3,1,3,5,1.54,2,0,4.64
4,3,1,25,1.0,0,0,2.92
3,3,1,1,1.36,1,0,2.61
2,3,2,5,1.63,0,0,0.92
2,2,4,10,0.53,0,3,2.65
1,2,1,20,0.52,0,1,0.5
1,3,4,7,1.26,0,0,0.5
2,2,3,17,1.5,2,2,5.08
3,2,1,13,0.71,1,1,1.42
1,3,1,16,0.66,2,0,4.69
4,3,2,22,0.66,1,2,6.83
3,2,2,6,1.21,1,0,2.06
2,2,2,9,1.04,0,1,1.53
1,2,2,13,0.77,3,3,5.16
1,2,3,18,1.36,1,3,1.65
3,3,3,13,1.45,2,0,4.35
1,2,2,15,1.8,2,1,1.75
4,3,2,11,1.84,3,2,7.27
2,3,1,21,1.93,1,0,1.5
2,2,4,22,1.84,1,0,0.5
2,1,3,17,0.56,1,3,3.79
1,3,1,16,0.71,2,3,7.64
3,3,3,3,1.45,3,0,7.07
1,1,1,19,0.93,2,0,3.21
2,3,2,2,1.25,1,3,4.36
4,1,2,23,0.82,1,0,3.65
1,1,3,5,1.15,0,0,0.57
1,3,1,9,0.85,3,0,4.18
2,2,1,15,1.05,0,0,1.04
4,1,4,13,0.85,1,1,1.58
2,3,4,13,0.63,1,2,3.81
1,3,4,3,1.16,2,2,3.63
2,3,3,17,0.57,2,0,5.26
4,1,1,10,1.15,3,3,8.71
3,1,4,2,1.47,3,2,6.43
1,3,4,16,1.13,1,3,3.88
1,2,1,23,0.88,3,2,6.96
1,3,1,11,1.32,1,3,3.38
2,1,2,20,0.88,1,1,0.88
3,1,3,10,1.74,3,2,6.72
3,2,3,12,1.03,0,3,3.9
3,2,2,7,0.63,1,0,2.37
4,3,2,10,1.41,0,3,4.23
3,3,1,11,1.36,1,3,6.14
1,1,3,18,1.78,3,0,1.25
2,3,4,14,1.63,2,1,4.24
2,2,3,1,0.64,3,3,6.85
1,3,2,16,1.92,2,2,4.13
3,3,4,8,0.92,3,1,4.08
1,1,4,18,1.22,3,0,1.97
1,3,4,12,1.21,2,1,3.09
1,3,3,18,1.2,2,0,4.72
2,2,1,2,1.24,2,3,7.05
1,3,4,7,1.38,1,2,3.1
2,1,2,1,1.78,2,1,1.26
4,3,2,4,0.55,3,2,9.53
4,2,1,8,1.07,0,0,2.27
4,1,3,5,1.56,0,0,2.68
3,2,2,22,1.71,0,2,1.87
3,2,2,8,0.96,1,0,4.28
3,1,2,13,1.84,0,0,0.5
4,1,4,11,1.39,3,0,5.23
4,1,3,4,0.86,0,2,2.21
2,3,1,17,0.77,3,2,8.02
3,2,2,4,1.55,1,3,3.87
3,3,1,10,1.59,0,0,2.18
2,3,3,21,0.58,0,2,3.06
2,3,4,0,0.8,2,0,4.58
3,3,2,7,0.92,1,3,6.19
3,1,2,0,1.49,3,2,4.89
4,1,3,1,1.93,3,2,6.88
3,2,3,25,1.78,0,2,3.8
4,3,3,13,1.48,3,0,7.91
2,2,2,1,1.17,1,0,1.44
1,3,1,1,1.73,0,3,2.75
2,3,1,9,1.6,2,1,4.14
4,3,3,16,1.44,3,3,8.12
2,1,1,17,1.04,0,2,0.5
3,3,1,23,1.16,3,0,8.13
1,1,3,6,1.66,2,3,4.64
1,1,3,15,1.9,2,0,2.63
1,3,2,24,1.11,3,3,5.69
4,3,2,17,1.19,2,1,4.55
3,3,2,23,1.64,2,0,5.41
1,2,4,7,0.86,1,0,1.02
2,3,1,19,1.02,2,3,7.4
1,2,4,9,0.97,3,3,7.0
2,3,4,8,0.75,0,2,3.88
2,2,2,18,1.7,2,2,4.0
1,2,4,15,1.01,0,3,1.89
4,3,1,8,1.93,3,0,6.41
2,2,3,7,1.35,0,3,1.42
1,2,2,24,1.71,2,2,2.54
1,3,1,24,0.98,0,1,0.5
1,1,3,2,0.66,3,3,3.92
1,1,4,15,0.51,3,0,4.03
1,3,1,16,1.48,0,1,0.5
2,3,2,16,1.53,2,2,5.75
1,2,4,3,1.26,1,3,3.15
2,3,3,24,0.75,0,1,1.83
4,1,2,12,1.44,0,1,0.97
2,2,4,14,1.78,0,0,0.59
1,1,3,8,1.21,3,0,3.18
3,1,1,15,1.57,2,3,6.28
2,3,3,6,1.84,1,3,2.82
3,2,3,9,0.66,0,1,1.57
1,3,1,22,0.54,3,2,5.85
1,2,3,12,1.68,2,2,2.04
1,1,1,9,0.78,0,1,0.5
3,1,1,23,0.65,1,3,4.92
2,2,1,22,0.6,2,2,5.74
2,2,4,17,1.73,2,1,1.47
4,3,2,2,0.93,1,0,6.42
1,2,3,13,1.46,2,0,2.6
3,2,2,19,1.86,2,2,5.36
2,1,2,18,0.76,3,3,7.82
3,3,2,0,1.5,1,0,3.25
3,2,1,7,1.29,0,2,3.02
3,2,3,17,0.71,0,2,3.69
2,2,4,20,1.24,3,1,2.52
2,2,3,21,1.95,3,3,5.16
2,2,2,21,1.59,3,0,4.98
4,2,3,15,0.54,1,3,6.73
1,3,4,11,0.79,0,1,0.5
1,1,2,15,0.78,2,0,2.71
1,2,3,17,0.73,3,2,4.4
2,1,2,13,1.63,3,2,6.3
2,2,1,18,1.15,2,2,3.95
1,1,2,2,1.55,3,2,4.42
4,3,4,22,1.25,0,3,5.94
2,3,1,13,0.71,3,3,7.32
1,1,4,15,1.71,3,1,1.53
2,1,2,10,1.62,0,2,2.0
1,3,2,14,0.51,3,1,3.57
3,2,2,1,1.54,0,2,4.19
4,1,1,21,0.52,2,2,6.57
1,2,1,10,1.68,1,3,3.22
2,3,3,4,0.93,0,3,4.22
1,2,2,10,0.52,0,1,0.5
3,2,2,5,0.78,1,0,3.85
1,1,2,8,1.36,3,2,5.38
1,1,4,5,0.57,3,3,4.87
3,3,1,23,0.83,2,2,6.45
4,2,1,6,0.59,0,1,3.02
2,1,3,16,1.11,0,3,3.62
1,3,2,19,0.88,0,0,0.51
2,3,2,11,1.96,2,3,5.44
4,1,4,0,0.86,3,3,8.46
1,2,2,17,1.05,2,0,4.52
1,1,3,5,0.57,0,1,0.5
3,1,1,12,0.73,0,0,3.19
1,2,2,14,0.95,0,0,0.5
2,3,4,5,1.74,3,2,4.83
3,3,1,24,1.28,3,0,7.73
2,2,1,19,0.81,3,1,5.78
4,2,4,9,1.52,1,3,4.77
1,2,4,0,0.68,1,1,0.69
4,3,2,18,0.92,3,1,6.99
2,2,3,25,1.19,1,3,3.67
4,1,3,0,1.38,1,1,1.09
1,3,3,23,1.2,0,3,3.64
4,2,1,25,1.88,3,2,6.91
3,1,3,25,1.1,2,0,4.3
4,1,3,3,1.01,3,3,7.61
3,1,4,12,0.97,3,0,5.29
1,1,4,11,1.82,2,3,3.35
3,2,3,0,1.72,0,3,2.49
4,3,1,20,1.59,1,0,5.86
4,1,1,15,1.67,2,2,5.83
4,2,4,6,0.71,3,1,5.4
2,1,2,6,1.56,1,3,3.52
4,2,1,4,0.62,2,0,5.74
1,2,2,25,0.6,3,0,3.96
4,1,2,8,0.84,2,2,6.82
4,3,1,0,1.7,3,2,9.27
2,1,1,17,0.68,1,0,1.5
3,2,3,19,1.24,2,3,7.48
3,1,3,9,1.5,1,1,0.5
1,3,1,2,0.97,0,2,0.98
4,2,4,15,0.59,3,0,6.43
4,2,1,20,1.58,2,3,7.42
4,1,3,10,1.54,1,2,2.88
2,1,3,20,1.08,2,1,3.03
4,3,3,17,1.43,1,0,2.87
4,1,3,18,1.85,1,2,5.06
4,2,1,0,1.3,3,0,6.07
1,2,2,13,1.82,1,1,0.5
4,2,1,21,1.75,0,3,3.87
1,2,2,20,1.32,1,2,0.61
2,1,4,22,1.9,2,3,4.42
1,1,2,1,1.48,2,0,3.06
1,3,4,9,1.57,1,2,1.88
1,2,3,11,1.69,1,1,0.5
3,2,4,6,1.92,3,3,5.86
4,3,3,22,1.37,2,1,6.81
1,1,1,20,0.66,0,2,2.18
2,2,3,11,1.27,1,0,2.38
3,2,2,23,0.59,1,0,3.77
3,3,3,12,1.76,1,0,3.65
2,2,2,20,1.33,1,1,0.5
3,3,4,23,1.05,1,3,4.31
1,2,3,12,0.92,0,1,0.5
4,1,2,3,1.52,0,1,0.76
4,3,4,20,1.96,1,3,5.4
2,3,4,24,0.85,3,0,5.6
2,3,1,24,1.4,2,2,6.97
4,1,1,12,0.83,0,3,6.09
4,2,4,6,1.01,0,3,3.67
4,2,3,15,1.7,0,3,3.18
4,3,2,7,1.51,1,0,4.53
1,3,1,14,0.98,0,2,1.71
4,1,2,17,1.51,2,0,3.91
2,3,2,18,1.77,2,2,4.3
2,1,3,6,1.69,3,1,3.02
1,2,1,10,1.08,3,0,4.3
4,3,3,1,0.82,1,0,4.78
1,3,1,13,0.84,1,1,1.99
3,2,4,24,1.26,2,3,5.71
4,1,4,23,0.8,0,1,0.5
4,1,4,19,1.25,0,2,3.52
3,2,2,18,0.88,1,0,4.09
4,1,1,1,0.9,3,2,8.13
3,1,1,24,1.23,2,0,4.07
1,2,3,11,1.21,1,2,1.84
4,3,4,19,1.16,3,3,9.09
1,2,4,11,0.94,0,2,1.97
3,3,4,0,1.63,1,1,2.94
4,2,1,18,1.81,3,1,5.14
2,3,2,2,0.93,1,3,3.61
3,1,3,17,1.96,1,2,3.1
2,3,1,23,1.92,2,0,5.55
1,3,4,10,0.92,1,2,3.11
3,3,3,22,1.15,2,1,3.08
1,1,4,12,0.7,0,0,0.5
1,3,4,21,0.88,0,1,0.5
2,3,2,16,0.76,3,2,5.67
4,3,1,17,0.88,0,0,4.07
3,3,2,8,1.15,2,2,7.9
1,3,4,8,0.74,0,2,2.03
3,3,1,9,1.27,0,1,1.63
4,1,3,16,0.64,0,3,3.21
1,1,2,9,1.09,0,3,0.5
2,1,4,14,0.86,3,0,3.92
3,3,3,2,1.57,1,0,4.6
4,2,2,10,0.53,0,0,3.89
3,3,2,17,0.62,1,1,2.27
3,3,4,13,0.77,3,0,7.07
2,3,1,12,1.48,3,2,6.92
4,3,2,23,1.77,3,2,8.13
2,3,2,7,1.39,3,0,6.74
3,2,2,12,0.84,3,2,8.51
1,2,2,18,0.63,3,1,2.21
3,1,2,2,1.7,0,3,4.08
3,2,2,19,0.51,3,2,6.69
2,3,4,16,1.55,1,1,2.01
2,1,3,1,1.65,3,2,5.54
1,1,4,24,1.3,2,2,3.89
1,2,1,19,1.69,3,1,4.05
4,1,1,8,1.61,1,0,4.23
1,2,1,1,0.97,3,1,4.11
4,3,1,1,1.99,2,0,6.95
1,3,1,8,1.6,0,0,0.5
4,3,3,2,0.54,1,2,7.26
4,1,2,16,1.41,0,3,5.29
3,1,2,16,1.31,3,2,6.94
1,1,4,24,1.72,1,2,1.03
4,2,2,12,1.29,1,0,2.77
4,3,1,25,0.65,3,0,9.08
3,2,4,3,1.74,0,3,3.92
4,2,1,0,1.99,2,2,5.79
3,2,2,16,1.32,1,0,2.34
2,2,3,24,1.26,2,1,3.52
3,2,4,19,1.97,3,0,5.96
1,2,2,25,1.49,1,3,3.82
1,2,3,13,0.98,0,0,0.5
2,3,1,2,1.48,2,3,7.17
2,3,3,14,1.59,0,0,1.35
1,2,1,25,1.73,3,0,3.16
2,3,3,18,1.44,0,0,2.33
4,1,3,13,1.92,3,3,7.8
2,1,2,19,0.5,1,3,4.02
2,2,4,21,1.41,1,2,0.98
2,2,1,19,1.12,3,2,6.63
3,1,1,19,0.72,1,3,4.7
3,3,3,17,1.7,2,2,7.41
1,2,2,4,1.0,1,0,0.5
3,2,2,22,1.77,2,1,2.27
4,2,1,18,1.44,1,3,5.81
4,3,3,7,0.63,0,1,3.5
1,1,2,22,0.97,0,0,0.5
2,2,4,8,1.16,1,0,0.5
1,2,2,15,0.75,1,0,2.23
2,3,3,21,0.87,2,0,5.65
4,1,4,6,1.44,3,3,6.68
1,1,3,16,1.64,1,0,0.5
3,1,2,14,1.47,3,2,6.93
3,2,3,18,1.26,1,1,2.87
3,3,1,17,1.38,0,1,1.35
4,2,2,19,0.56,0,1,3.31
2,2,3,13,1.02,0,1,0.83
4,2,3,7,0.63,3,0,6.59
4,3,2,15,0.59,0,2,6.57
4,3,2,10,0.62,3,1,6.1
2,2,2,25,1.1,0,3,2.05
4,1,4,18,1.52,1,1,2.08
1,1,2,21,0.64,2,0,4.06
3,3,4,4,1.83,1,3,3.44
1,1,4,4,1.8,3,1,0.5
3,1,2,0,0.66,3,0,4.51
3,2,3,5,1.67,0,1,0.5
1,1,1,19,0.81,3,3,6.13
3,2,4,19,0.56,2,1,2.75
4,2,4,19,2.0,0,2,2.1
3,1,4,8,1.03,2,2,5.23
3,2,1,5,1.0,3,1,5.48
1,2,3,8,1.32,3,2,3.66
2,1,1,1,1.77,3,2,5.64
3,1,3,6,1.67,3,2,7.02
3,2,4,13,1.96,3,3,5.68
4,2,3,10,1.75,0,2,4.87
1,2,4,4,0.81,0,0,0.5
4,3,3,8,1.99,0,1,0.67
1,1,3,9,0.59,0,3,2.33
3,2,4,2,1.7,1,3,5.03
4,1,1,12,0.52,1,2,5.52
3,1,4,8,1.43,2,2,4.66
4,1,1,15,0.66,2,2,5.59
1,2,3,7,1.51,2,2,4.96
3,3,3,5,0.68,0,3,5.9
1,1,3,18,1.17,1,2,1.0
3,1,2,2,0.74,2,0,5.36
4,3,3,6,1.07,3,1,5.28
2,2,4,14,0.91,3,2,6.51
1,3,3,15,1.22,3,2,4.86
4,1,1,9,1.22,2,3,6.57
2,3,2,19,1.97,1,1,1.71
2,1,4,1,1.58,1,2,1.29
1,1,1,13,0.81,0,2,1.44
2,2,1,18,0.64,0,2,2.22
3,2,1,7,1.78,1,0,2.26
1,2,2,11,1.87,3,0,4.66
1,1,2,21,1.29,0,0,0.5
1,3,4,17,1.87,1,0,0.5
1,2,1,21,1.43,0,1,0.5
2,2,1,5,1.92,0,3,2.24
1,2,4,23,0.87,1,1,0.5
2,3,3,1,0.69,3,1,6.04
3,1,3,5,0.79,1,3,5.11
3,2,1,17,0.84,1,2,4.53
2,2,1,9,1.39,0,2,2.28
4,2,1,25,1.91,0,1,1.99
2,1,4,20,0.97,0,2,0.83
4,1,2,9,1.78,2,2,6.57
2,1,1,15,1.12,2,3,5.78
1,2,3,5,1.76,3,2,4.46
3,2,3,1,1.8,2,1,4.39
2,2,3,7,1.79,3,0,4.38
3,3,1,15,1.0,2,3,9.49
3,3,2,25,0.95,0,1,1.68
2,3,1,6,1.89,2,1,3.74
2,2,2,2,1.67,3,3,7.06
2,1,4,1,0.53,2,2,4.8
4,3,1,11,1.74,3,3,10.81
4,2,1,0,1.75,1,2,5.42
3,1,1,3,0.9,1,2,2.8
2,3,1,24,1.55,1,3,4.69
2,1,3,25,1.87,3,2,5.47
2,2,1,19,1.58,2,2,5.23
3,2,1,18,0.92,2,1,3.31
2,2,4,1,0.63,3,2,6.79
4,3,3,2,0.75,0,1,2.79
2,1,2,5,1.77,3,2,4.08
1,1,4,12,0.72,2,2,1.88
3,3,2,22,1.88,3,2,8.04
1,3,1,3,1.83,0,0,0.71
2,3,1,10,1.82,0,3,4.31
3,1,4,2,1.09,3,0,4.71
3,3,4,9,0.92,2,0,5.18
1,2,3,11,1.42,3,1,2.77
2,2,3,6,1.91,2,3,5.24
2,2,2,3,1.5,3,2,4.88
4,3,3,19,1.87,1,1,3.41
4,2,1,23,1.74,2,1,5.92
2,1,2,11,1.4,1,1,1.46
1,3,3,21,1.13,2,3,6.87
2,3,2,17,1.74,3,0,4.21
3,2,4,8,1.71,2,0,4.62
3,1,4,16,1.57,1,1,0.61
1,3,4,18,0.7,3,3,6.89
1,2,4,6,1.73,0,0,0.5
1,1,4,0,0.98,0,0,0.5
4,1,1,10,1.89,3,1,5.39
2,1,1,4,1.71,2,1,3.43
1,2,1,3,0.75,0,2,1.09
2,3,3,3,0.79,2,0,3.85
4,3,1,13,1.88,0,2,5.14
3,1,4,4,0.69,0,1,0.5
1,3,3,16,0.55,3,0,4.98
4,2,3,12,0.8,1,0,3.0
2,3,1,9,1.65,1,0,2.47
2,2,3,15,0.68,3,3,7.49
2,3,2,0,1.25,2,3,7.28
2,1,2,24,1.43,0,0,0.5
1,3,4,21,1.76,0,1,0.5
3,3,2,10,1.38,1,3,6.5
1,2,1,11,1.91,0,3,0.57
1,1,2,2,0.83,0,2,0.5
4,1,2,2,1.36,0,0,2.76
3,1,4,14,0.97,0,2,2.77
3,3,2,2,0.79,2,1,4.93
4,3,1,5,0.64,2,1,5.22
1,1,2,16,1.75,3,0,2.4
1,1,1,18,0.83,2,0,3.09
2,1,3,8,1.99,3,0,2.3
3,1,1,6,0.83,3,2,7.2
4,3,4,13,1.69,2,1,5.14
4,2,4,25,0.59,1,0,4.15
1,2,3,17,0.57,0,2,1.84
3,1,3,0,1.14,0,2,1.22
3,2,2,10,1.17,3,1,4.48
3,1,4,5,1.77,0,2,0.5
1,3,1,16,0.51,1,3,4.83
2,3,2,15,1.9,3,1,3.36
2,3,1,3,1.32,2,0,4.79
1,1,1,21,1.83,2,0,1.23
2,1,3,15,1.78,0,3,2.3
3,1,4,9,1.29,0,0,0.5
1,1,3,5,1.05,1,1,0.5
4,2,3,1,1.45,2,3,8.73
2,2,1,12,1.93,0,2,0.93
1,3,4,10,0.96,0,0,0.79
3,3,2,9,1.32,2,0,6.31
1,1,3,16,1.0,1,0,1.65
4,3,2,24,1.43,1,2,4.42
1,3,1,12,1.04,0,2,1.41
2,1,1,11,0.53,3,0,4.3
4,3,1,6,0.75,2,3,9.82
1,3,1,14,0.74,1,0,1.24
2,1,2,9,1.13,1,3,3.0
1,2,4,19,1.1,3,2,4.27
1,2,4,18,1.65,1,1,0.5
4,1,3,23,0.68,2,1,4.67
4,3,4,15,0.97,0,1,2.08
2,1,1,7,1.21,3,3,7.91
2,2,2,4,1.39,1,2,2.17
1,1,4,5,1.91,0,1,0.5
1,2,4,25,1.87,2,1,1.59
1,3,2,21,0.74,0,0,2.04
4,3,1,8,1.46,0,0,4.1
1,3,3,3,1.76,1,1,0.5
4,3,4,23,1.49,1,3,7.32
2,2,2,24,1.7,3,2,5.46
1,1,4,8,0.74,0,2,1.22
3,1,3,17,1.42,0,3,3.84
3,3,1,14,0.9,0,2,5.4
1,1,1,24,1.9,1,3,1.22
1,1,4,11,1.08,1,0,0.5
2,3,1,2,1.94,1,1,3.01
1,3,3,9,0.96,1,2,1.84
3,3,2,3,1.33,0,3,4.07
2,3,4,18,1.34,0,2,1.97
1,2,2,3,1.66,1,1,0.72
2,2,4,5,1.08,3,2,6.92
1,3,3,20,1.41,1,0,2.71
2,2,1,8,1.26,2,2,6.34
3,1,2,9,1.59,2,0,4.7
2,2,1,18,1.18,1,1,1.71
2,3,3,15,0.64,1,3,5.72
1,1,2,24,1.77,2,0,3.1
4,3,1,20,1.18,1,3,7.29
2,1,4,12,1.42,2,3,3.66
2,3,4,4,1.54,3,3,8.41
1,3,3,9,0.64,2,0,4.51
1,1,3,4,1.07,0,3,0.5
2,2,3,21,0.54,3,0,4.64
4,3,2,0,1.9,1,0,3.1
4,2,1,20,0.7,2,3,8.36
1,1,3,18,1.86,3,0,2.77
1,3,1,0,0.54,3,2,5.53
3,2,1,10,1.41,2,3,6.11
2,2,4,21,1.42,1,1,0.5
4,1,1,17,1.66,2,1,4.5
1,1,2,16,0.91,1,3,1.47
3,1,2,25,0.64,3,0,5.95
2,2,3,19,0.82,1,3,2.75
1,2,1,17,1.46,1,1,0.5
3,1,1,16,1.03,1,0,1.34
1,2,1,10,0.95,3,1,2.76
2,1,2,8,0.73,0,1,0.5
4,1,2,19,1.09,3,2,8.87
3,1,2,20,1.39,3,0,4.1
1,2,2,10,0.61,0,1,0.5
4,1,1,20,1.41,2,3,8.2
4,2,2,7,1.92,1,2,3.78
4,3,1,2,1.6,2,2,8.85
4,1,3,12,1.49,2,0,6.08
1,1,2,17,0.78,2,2,3.77
1,2,4,5,1.89,3,3,4.83
1,3,2,6,1.85,1,3,3.3
4,2,2,14,0.57,3,1,5.51
1,3,4,21,1.7,1,3,3.77
2,2,3,9,1.19,1,1,0.5
1,2,1,6,1.88,2,1,2.0
4,3,2,22,1.85,1,1,3.74
4,1,3,11,1.89,2,2,4.25
4,1,1,8,1.1,0,1,2.48
1,3,1,15,0.87,1,2,3.3
2,2,2,14,1.76,3,1,3.12
2,1,2,12,0.75,1,1,0.5
4,1,1,7,1.09,3,2,6.96
2,1,2,24,1.63,3,3,4.86
3,2,4,21,1.78,1,2,2.47
1,3,1,17,1.73,3,0,3.91
2,1,4,21,1.46,2,0,1.7
2,3,3,22,0.75,1,0,3.35
2,2,4,7,0.97,3,3,7.55
1,2,1,5,1.58,1,3,3.17
2,3,4,5,0.77,2,2,5.94
2,3,2,24,1.15,3,1,5.97
4,1,4,5,1.5,1,2,2.42
1,2,4,1,1.48,3,2,4.08
4,1,2,13,1.72,1,2,4.64
3,3,4,19,0.69,1,2,3.3
2,1,1,25,1.86,3,3,5.94
3,2,3,24,1.06,0,3,5.29
1,1,4,24,1.05,2,0,1.09
3,1,4,13,1.74,0,1,0.5
2,1,2,25,0.69,1,3,3.89
3,2,4,20,0.7,1,0,2.66
4,3,2,0,0.72,1,0,3.69
1,1,1,18,1.63,2,1,1.7
1,3,3,24,0.66,0,0,0.5
2,1,3,16,1.75,2,2,4.08
2,1,1,21,1.26,0,3,2.56
1,3,3,25,0.89,3,3,7.59
1,2,2,16,1.98,1,3,3.07
2,1,2,19,1.4,2,3,6.55
1,2,4,4,1.89,1,2,2.07
1,1,4,6,1.55,2,3,4.05
1,3,3,7,1.55,2,0,4.05
2,2,2,22,0.6,2,1,2.43
1,2,3,23,1.78,3,1,3.35
1,3,3,20,1.91,2,3,3.7
2,3,1,12,1.32,3,2,7.94
3,1,3,5,0.78,1,3,5.3
3,1,1,22,0.58,2,0,6.02
3,3,3,19,1.09,3,2,6.59
2,3,3,5,1.71,2,0,3.15
2,2,2,18,0.64,3,1,2.97
1,3,4,20,1.43,0,1,0.5
4,1,3,4,1.84,0,3,2.4
2,1,1,12,1.85,3,1,3.79
3,1,2,16,0.79,1,2,2.51
4,2,3,10,1.6,3,2,8.24
3,1,1,15,1.92,3,3,7.63
1,1,4,17,1.43,2,1,1.11
4,3,1,1,1.05,2,0,7.46
4,3,1,24,0.82,3,0,7.65
3,3,1,19,1.25,1,2,6.45
3,1,4,2,1.04,0,0,0.5
3,2,1,5,1.15,1,0,2.08
1,3,2,20,0.81,2,1,2.1
2,3,1,15,1.54,3,0,6.74
1,3,2,14,1.72,3,2,6.58
3,3,3,4,1.5,3,3,8.86
4,3,3,0,1.14,3,1,5.92
3,2,3,9,1.32,2,0,5.5
1,1,3,21,1.28,0,0,0.5
4,1,3,17,1.53,0,0,0.51
4,1,3,7,1.58,1,3,4.11
1,3,3,9,1.79,1,2,2.61
2,2,4,7,1.94,3,1,2.39
4,3,2,5,1.98,0,3,6.73
2,3,4,3,1.96,0,3,1.8
4,3,3,16,1.75,0,1,1.3
3,3,4,20,1.93,3,1,5.21
4,2,4,22,0.79,2,2,6.08
1,1,3,12,1.71,3,0,1.67
2,2,4,6,0.83,1,0,2.81
3,1,4,24,0.91,2,3,5.32
3,2,2,14,1.6,2,1,4.87
3,2,2,5,0.63,2,3,7.08
4,3,3,8,0.66,2,0,7.5
3,3,2,19,0.96,0,3,4.7
3,2,2,5,2.0,0,0,0.5
4,1,4,6,1.58,0,3,4.49
4,3,2,19,0.78,2,3,9.61
1,1,4,11,1.18,0,0,0.5
1,3,2,5,0.92,0,0,1.42
2,1,1,8,1.79,3,3,7.37
4,1,3,24,1.27,3,3,6.71
2,2,1,6,1.36,3,3,5.87
2,3,2,4,0.68,2,1,5.21
4,1,1,13,1.32,0,2,4.76
4,1,1,7,1.73,0,2,2.84
2,2,1,2,0.92,0,2,3.73
2,3,1,20,0.99,0,3,5.36
1,3,4,21,1.1,3,1,3.28
1,3,2,10,0.98,2,0,4.44
1,2,2,16,0.78,1,2,1.42
2,3,2,25,1.61,1,3,5.81
3,1,4,9,1.24,2,2,4.61
1,2,1,12,0.57,0,1,0.5
3,1,3,24,1.27,1,0,2.78
2,1,2,6,1.92,0,2,1.22
2,2,2,15,1.33,1,0,1.14
1,2,3,7,1.38,3,0,4.13
3,2,2,22,1.32,3,0,6.12
1,3,2,19,1.04,1,0,2.58
1,3,3,13,1.4,1,2,3.2
2,3,2,11,0.95,0,0,1.96
2,1,4,17,0.67,1,0,2.12
4,2,2,4,1.47,1,3,6.61
4,3,1,9,1.93,0,2,4.56
3,3,1,22,1.42,3,0,6.03
2,2,2,18,1.82,3,3,6.82
3,2,1,24,0.77,3,1,6.17
4,2,4,17,1.07,1,3,5.21
1,1,1,5,1.78,2,2,2.85
4,1,4,18,1.99,0,3,3.4
2,1,2,25,1.8,0,1,0.5
4,2,3,25,0.88,0,0,2.5
4,1,4,5,1.72,2,3,5.33
3,1,2,25,1.58,3,0,4.7
1,2,4,2,1.59,0,0,0.5
3,2,3,24,1.4,1,1,0.71
3,2,4,15,0.8,3,0,7.19
3,1,1,19,0.68,3,1,5.79
1,3,4,3,1.96,1,1,0.5
3,1,2,22,1.71,0,1,0.5
4,1,2,11,0.75,2,3,9.1
2,1,2,10,1.32,0,3,1.33
3,1,2,1,0.67,1,2,4.78
2,2,4,20,0.69,2,3,6.34
2,1,2,12,0.5,2,0,4.63
3,2,3,0,1.46,1,0,2.38
4,1,2,22,0.72,0,1,2.2
4,1,4,16,0.94,1,3,6.22
4,2,3,20,0.52,0,2,2.94
2,3,4,9,1.18,3,3,8.6
2,3,3,18,1.16,2,3,5.34
2,2,3,12,1.27,3,1,4.59
1,3,1,13,0.6,3,1,5.74
1,2,2,17,1.21,1,0,1.88
2,2,3,15,1.65,0,3,3.14
2,3,1,19,0.6,2,0,5.43
2,3,4,19,1.05,1,2,3.64
4,3,1,0,0.61,2,0,8.34
2,2,2,21,1.02,0,0,1.82
2,2,1,25,0.72,0,2,1.35
2,3,4,20,1.56,2,2,5.91
4,2,3,16,0.82,0,0,3.13
1,1,4,25,1.16,3,1,2.98
2,3,3,2,0.6,0,2,1.95
3,2,1,23,1.16,2,1,5.24
2,3,1,5,1.89,2,3,6.62
3,2,1,3,1.04,0,2,4.12
3,2,4,20,0.63,2,2,6.78
3,2,4,16,1.26,3,3,8.59
2,1,2,3,1.23,1,2,3.07
3,1,1,0,1.73,3,2,7.04
4,3,2,8,1.0,0,2,5.24
3,3,3,13,0.88,2,2,6.69
4,2,2,17,0.7,3,3,10.59
2,2,3,12,0.91,1,0,0.76
2,2,4,12,0.99,3,0,3.97
3,3,3,13,1.64,0,1,2.59
1,3,2,22,1.96,3,3,6.92
2,3,4,3,0.54,1,3,5.75
4,1,3,8,1.74,2,1,4.97
2,2,4,22,1.07,3,0,3.14
4,1,4,10,0.79,0,3,4.33
2,3,1,19,1.87,3,0,6.84
1,2,2,23,1.42,1,3,1.51
1,2,1,5,0.95,1,2,2.8
3,1,1,22,1.51,3,1,4.13
2,1,3,22,1.75,1,0,0.5
2,3,2,2,1.37,1,0,3.47
4,1,2,15,0.77,0,3,3.98
3,3,3,16,1.07,1,2,4.67
4,1,4,11,1.94,0,3,3.89
1,2,3,13,1.73,3,1,3.79
2,1,3,1,0.87,3,1,2.21
4,1,3,13,0.92,1,1,2.82
4,2,1,4,1.75,1,2,3.67
2,2,4,16,1.17,1,2,3.91
2,1,3,9,1.52,0,3,1.09
3,2,3,5,1.28,3,2,6.58
1,2,2,6,0.97,2,2,4.96
3,2,3,12,1.42,2,2,4.43
3,2,3,22,1.54,3,1,5.31
2,2,4,7,1.47,1,1,0.5
2,1,3,8,1.42,2,2,4.11
3,3,2,5,0.84,1,0,5.07
4,3,2,14,1.4,1,2,5.19
4,1,3,19,1.88,1,1,1.88
1,1,4,12,0.61,3,3,3.9
3,3,4,24,0.52,0,2,2.94
4,2,3,11,1.42,3,3,9.82
2,3,3,18,1.16,0,0,0.5
4,2,4,14,1.7,0,2,4.51
4,3,1,6,0.81,2,0,7.42
1,3,2,23,1.92,1,3,3.79
2,3,1,6,1.76,3,3,6.45
4,1,3,10,1.75,3,0,4.55
3,1,3,12,1.37,1,1,1.36
1,3,2,0,1.81,1,0,0.5
4,1,3,0,1.3,0,2,4.35
3,2,2,14,0.99,0,0,3.07
3,3,1,14,1.41,2,2,7.51
4,1,4,20,0.74,0,1,0.91
4,2,3,4,1.76,0,1,2.16
3,1,4,13,1.19,2,0,2.85
1,2,2,18,1.96,0,1,0.5
2,3,1,20,1.67,1,0,2.85
1,3,3,21,0.75,3,0,5.61
2,1,4,7,0.74,3,3,6.33
4,3,2,19,0.74,3,1,8.24
1,2,3,1,0.64,3,2,6.19
3,3,2,10,1.52,3,2,8.48
1,1,2,1,1.75,1,3,3.05
1,3,3,19,0.71,1,3,3.1
3,1,1,6,0.56,2,2,4.8
3,2,4,12,1.12,1,3,4.95
1,3,3,20,0.96,3,1,3.57
2,3,4,25,1.91,0,3,3.22
2,3,3,8,1.7,3,3,8.31
4,1,2,13,1.35,1,1,2.67
3,2,3,9,1.21,0,3,2.93
1,2,3,2,1.88,2,0,2.43
3,3,4,21,1.67,1,1,1.49
3,2,2,15,0.69,1,0,4.8
2,2,3,24,1.93,3,2,4.98
4,3,3,15,0.96,2,1,6.62
4,3,3,3,1.14,3,3,9.87
2,3,3,1,1.22,0,0,0.5
3,2,4,1,0.6,3,2,6.88
4,3,1,17,0.6,0,1,2.78
2,2,3,8,0.82,3,0,5.49
2,1,4,14,1.8,0,1,0.5
2,1,4,22,0.52,1,1,0.5
2,1,2,19,0.58,3,0,5.8
1,2,1,20,1.33,0,0,0.89
2,3,4,1,1.13,1,2,2.74
1,3,3,11,1.72,2,3,4.85
3,2,4,11,1.65,1,1,1.88
3,1,4,13,1.64,1,1,1.93
4,2,1,2,0.61,0,3,6.12
3,2,1,9,1.91,0,0,2.17
2,3,4,25,0.98,1,0,2.11
3,3,1,19,1.66,3,2,7.63
1,3,1,22,0.57,2,2,6.9
4,1,1,20,1.88,0,2,4.38
3,1,1,1,0.5,2,2,5.65
3,1,2,1,1.95,0,0,2.27
1,2,3,0,1.28,1,0,0.61
2,1,2,18,0.85,1,1,0.5
2,1,4,25,0.93,2,2,4.7
1,1,4,9,1.08,2,1,1.98
4,2,2,1,1.7,0,0,2.16
4,3,3,8,0.59,2,3,9.31
1,2,1,0,1.73,1,1,0.5
3,2,3,14,0.68,1,3,5.22
1,2,4,21,1.91,0,1,0.5
2,1,1,17,1.83,2,2,3.27
2,2,2,4,1.86,0,2,1.22
4,1,1,9,1.71,1,2,3.18
2,3,3,11,1.8,1,0,2.07
3,1,2,25,1.37,3,3,7.54
3,1,2,24,1.9,2,1,3.87
3,2,2,8,1.26,0,0,3.43
4,1,4,17,0.91,2,0,4.78
1,2,3,11,1.53,0,3,0.5
4,3,4,5,1.23,2,0,4.75
2,1,2,25,1.06,2,2,5.39
1,3,1,16,1.37,2,0,4.1
2,3,1,10,1.22,1,3,4.68
4,2,4,7,1.88,3,0,5.52
1,3,3,22,2.0,2,0,2.61
2,2,3,4,0.57,0,1,0.5
4,1,4,13,0.92,3,1,4.26
3,2,3,14,0.76,1,1,3.1
4,1,2,10,1.74,0,2,4.18
2,2,1,7,0.9,0,1,0.5
4,1,1,5,0.82,3,2,7.78
1,2,1,20,1.96,2,0,2.29
2,2,1,22,0.92,0,1,0.5
4,3,2,11,1.94,0,3,4.94
4,1,2,13,1.99,3,3,7.3
3,3,3,5,1.76,2,0,3.96
3,1,3,6,1.14,2,3,6.96
3,3,4,5,1.4,1,0,2.94
1,1,1,10,1.04,1,0,0.5
3,3,1,21,0.94,0,1,2.71
1,3,3,8,1.2,3,1,4.71
3,1,2,23,1.96,2,2,4.51
2,2,4,2,1.35,0,3,1.89
1,1,3,3,0.54,1,2,2.15
2,2,3,21,0.95,2,1,3.89
1,2,3,14,1.38,0,3,2.1
1,1,3,6,1.55,0,1,0.5
2,3,4,14,1.29,0,1,0.5
3,2,1,18,1.42,1,0,4.64
2,1,3,11,0.73,2,3,5.87
2,2,1,5,1.42,3,3,5.86
3,3,1,16,0.58,1,1,4.87
4,3,4,5,1.7,1,0,3.17
4,1,2,1,1.57,3,1,4.3
2,1,3,0,1.02,0,3,3.01
2,2,1,25,1.08,3,3,7.9
4,3,1,4,1.98,1,0,4.04
4,3,2,19,1.32,1,3,6.89
2,1,4,21,1.52,0,1,0.5
3,1,3,7,0.64,0,2,3.83
4,3,1,6,0.81,2,1,6.78
4,2,2,23,1.81,0,2,4.74
3,1,3,14,1.43,2,3,6.17
4,3,3,1,1.85,1,2,4.09
1,3,4,18,1.22,2,2,3.75
1,3,3,16,1.86,0,0,0.5
4,3,1,22,0.85,0,2,4.84
1,1,4,22,1.38,2,2,3.0
2,1,2,6,1.95,3,0,4.17
1,1,2,17,1.84,0,2,0.5
3,3,4,3,1.31,0,2,3.22
2,2,4,22,1.17,3,1,3.2
2,3,3,8,1.47,2,1,2.79
3,3,4,11,1.31,1,1,0.68
2,1,3,14,1.65,1,3,2.69
3,1,3,2,1.02,2,2,6.41
2,2,2,3,0.56,1,2,3.88
4,3,2,23,1.67,2,3,8.83
2,3,3,23,1.82,2,3,7.61
3,2,1,16,1.47,2,3,7.36
1,1,4,22,0.96,0,0,0.5
2,3,3,15,1.87,3,3,6.16
4,1,1,11,0.5,2,2,8.26
4,2,3,22,1.76,1,1,3.33
4,2,4,23,1.43,1,0,3.17
4,3,3,25,0.97,3,1,5.36
1,2,2,4,1.3,2,2,4.57
4,1,3,23,1.99,2,1,3.53
1,2,4,17,0.89,2,1,3.05
1,3,4,9,1.42,3,3,7.2
4,3,3,7,0.72,0,0,2.84
4,2,3,2,1.92,2,1,5.09
2,2,4,21,1.41,0,2,1.29
1,2,2,13,1.38,2,1,3.01
3,2,1,22,0.72,1,3,6.95
1,3,1,0,1.97,3,0,5.29
2,3,4,22,0.88,3,1,4.91
2,1,4,22,1.93,0,0,0.5
4,1,2,14,1.3,1,3,4.18
2,3,1,13,0.75,0,3,5.12
1,3,2,15,0.99,1,2,1.49
2,2,2,13,1.91,2,0,4.48
3,2,2,24,0.96,0,0,3.18
4,2,1,25,1.5,1,0,4.13
3,1,2,0,1.86,2,1,3.42
1,1,4,14,1.83,2,0,2.16
1,1,4,1,0.9,1,0,1.12
2,3,4,10,1.47,1,1,0.5
3,3,2,13,1.71,2,0,4.81
2,2,4,21,1.23,0,2,0.64
2,3,2,8,1.65,0,0,2.69
4,2,1,10,0.94,2,1,6.55
4,3,1,6,1.42,1,0,5.41
4,3,4,21,1.97,2,1,5.91
4,2,3,5,1.37,3,0,6.91
1,3,1,8,0.95,3,2,5.75
1,3,1,8,1.86,1,3,3.3
4,2,1,12,1.6,2,0,5.77
1,3,2,4,0.61,3,1,3.67
1,2,2,17,0.64,2,1,1.67
3,3,4,23,1.87,2,2,5.2
1,1,1,0,0.89,2,2,2.39
4,2,1,12,1.99,2,3,7.76
2,1,4,3,0.91,0,3,3.3
1,2,3,19,1.42,0,0,0.5
2,3,4,13,0.87,3,1,4.28
2,1,4,24,1.99,1,3,2.1
2,3,4,4,1.9,3,3,5.41
3,1,3,24,1.98,2,1,2.85
3,2,3,8,1.42,3,2,6.15
2,1,3,14,1.82,3,2,3.36
4,2,4,9,1.66,2,1,4.59
3,2,3,22,0.63,0,3,2.78
3,2,2,21,1.16,1,0,4.56
4,1,2,25,1.15,0,2,4.52
1,2,3,5,1.18,1,1,0.5
4,2,4,10,1.88,2,0,3.76
2,3,1,2,1.28,2,3,7.21
4,1,1,17,1.6,3,2,7.78
2,3,1,2,1.17,0,2,2.45
2,1,3,16,0.71,2,3,5.45
3,1,4,25,0.52,2,3,7.39
1,1,3,20,0.56,0,2,1.82
2,1,2,7,0.77,0,3,3.64
4,1,3,5,0.78,1,0,3.2
1,2,3,2,1.36,1,2,1.55
2,3,3,14,1.84,1,0,1.42
4,1,3,11,1.56,0,3,4.62
1,2,2,18,1.77,0,0,0.5
3,3,4,4,1.98,3,0,6.34
1,1,2,0,1.98,2,3,5.14
3,2,1,23,1.34,1,3,6.69
4,1,4,7,0.83,3,0,5.01
3,3,1,25,1.78,3,1,5.26
2,3,1,24,1.58,3,2,7.95
4,1,2,7,1.54,1,2,5.66
3,2,4,10,1.87,2,1,4.39
3,1,2,9,1.23,1,0,3.48
1,3,1,12,1.65,0,3,2.58
4,1,1,16,0.8,1,2,6.28
4,3,4,7,1.89,2,1,6.09
1,3,2,7,1.02,2,0,4.92
4,1,1,15,1.94,2,0,5.88
1,3,4,4,0.76,1,2,1.34
4,1,2,21,1.91,0,2,2.7
1,1,2,2,1.99,1,3,1.89
3,3,2,1,1.42,3,0,7.03
3,2,4,24,0.65,3,2,6.23
2,1,3,11,0.98,2,2,2.74
1,3,1,4,0.84,0,0,2.59
4,1,1,10,1.91,3,1,5.05
2,2,3,8,1.2,1,2,2.33
2,2,3,15,1.65,0,0,0.9
3,1,4,18,0.55,1,2,3.26
3,1,4,16,1.28,3,3,8.14
4,2,3,21,1.87,1,1,3.52
2,3,1,22,1.03,3,3,8.16
3,3,4,13,1.37,2,3,7.97
4,1,4,6,1.99,1,1,0.5
2,1,3,12,0.98,3,1,3.97
1,2,1,1,0.98,3,2,4.72
2,2,3,16,1.25,3,1,3.2
4,1,2,4,1.08,2,3,6.18
1,1,2,15,0.74,3,3,4.9
2,1,4,8,0.75,1,0,1.14
2,2,4,18,0.51,1,0,0.74
3,2,2,16,1.78,0,3,5.15
1,1,4,19,0.85,3,0,3.51
3,2,3,24,1.92,1,0,2.86
4,3,2,10,1.07,1,3,7.08
3,3,1,11,1.91,2,1,4.68
4,1,1,9,1.48,2,0,4.88
1,1,2,14,0.99,0,3,2.68
2,2,4,7,1.69,0,0,0.5
1,2,1,8,1.07,3,2,5.69
2,2,3,0,1.24,0,3,1.89
3,3,1,8,1.78,1,2,4.15
4,2,3,1,0.71,0,1,2.76
1,1,3,8,0.89,0,1,0.5
3,2,4,23,1.04,2,0,4.17
1,1,1,4,0.89,3,3,5.77
1,1,1,25,1.78,0,0,0.5
1,1,4,15,0.55,0,1,0.5
1,3,4,23,0.87,2,0,2.44
2,2,4,25,1.4,1,0,1.87
4,2,1,4,1.36,2,0,6.89
1,1,3,22,1.56,1,1,0.5
3,2,4,9,1.39,0,2,0.89
1,3,4,6,1.35,2,2,4.89
2,3,2,3,1.71,0,1,0.5
4,3,4,20,0.51,3,2,7.29
3,2,2,0,1.22,1,0,1.8
3,2,4,11,1.42,3,3,7.12
4,1,1,24,1.78,3,0,5.04
1,3,4,23,0.96,2,3,6.7
1,2,1,14,0.7,1,0,1.24
2,1,2,0,1.68,0,1,0.5
2,2,1,11,0.77,2,0,3.14
2,3,1,22,1.82,2,3,7.3
2,2,1,17,1.95,0,3,2.56
2,3,2,10,0.97,2,1,4.98
3,3,4,13,1.63,0,3,3.11
1,1,1,8,1.49,2,0,1.59
1,2,2,15,1.58,3,3,4.51
1,2,2,3,0.91,0,2,0.5
1,2,3,10,0.53,3,3,6.38
4,1,1,21,0.87,1,0,4.57
3,2,2,23,0.88,3,2,7.93
4,3,2,24,0.79,2,0,8.46
4,3,1,16,1.9,1,0,5.78
4,1,2,6,1.0,1,2,3.2
4,3,2,18,1.01,2,3,9.41
3,2,4,11,0.91,2,0,4.42
2,3,4,12,1.89,1,1,0.5
3,3,1,10,1.51,0,0,4.26
1,3,2,20,1.41,3,2,6.45
3,2,2,23,1.73,3,2,7.36
3,1,4,19,1.27,1,1,0.72
2,2,3,22,0.96,3,0,4.45
1,2,1,20,1.17,0,1,0.5
2,3,4,7,0.85,2,0,5.89
2,2,1,14,1.83,3,1,5.07
3,2,1,25,0.52,1,1,2.18
2,1,4,10,0.79,3,0,3.82
2,2,1,6,1.32,3,1,4.13
4,3,1,19,0.52,1,3,7.42
1,2,2,11,1.56,0,1,0.5
2,1,1,5,0.7,0,3,1.81
3,1,4,11,1.14,2,0,4.04
2,1,3,5,1.91,0,1,0.5
4,2,4,20,1.2,0,0,1.16
4,1,2,2,0.5,1,0,4.6
4,3,3,22,0.9,1,0,3.71
2,2,3,8,1.36,1,1,0.5
1,2,3,6,0.73,0,2,2.02
4,1,2,21,1.53,2,3,7.36
1,2,1,13,1.44,1,3,3.29
2,1,2,3,0.57,0,1,0.96
2,3,4,23,0.75,1,0,2.23
4,1,3,19,1.06,2,0,6.45
4,3,3,1,1.06,1,0,5.2
3,3,4,0,1.73,0,1,2.28
4,1,1,23,1.47,3,1,5.65
3,1,2,21,1.71,3,1,3.32
3,3,2,11,1.33,2,1,5.31
3,2,4,1,1.08,3,1,5.04
4,2,1,12,1.74,1,0,4.96
3,1,3,0,0.63,1,1,0.74
4,1,3,15,1.23,1,0,4.09
3,2,1,7,1.64,2,0,5.85
2,1,4,22,1.46,1,2,2.95
1,2,2,0,1.17,1,3,2.87
3,1,2,25,1.47,2,3,7.5
3,1,3,16,1.63,1,1,1.93
2,2,1,25,1.13,0,3,3.3
3,2,2,10,1.02,1,3,6.48
3,1,1,10,1.25,1,0,1.38
4,2,3,11,0.51,3,3,7.71
3,2,3,12,1.34,1,1,3.01
4,3,1,21,0.56,0,3,7.7
2,2,2,8,1.89,2,2,4.57
1,1,3,19,1.14,2,3,4.17
1,2,2,1,1.98,3,3,5.52
2,2,3,13,1.38,3,1,3.88
3,1,1,13,1.78,0,0,1.02
1,1,1,9,0.74,0,3,0.87
4,2,4,3,1.54,0,2,4.34
3,1,2,1,1.47,1,0,0.78
2,3,2,12,1.45,2,2,4.4
2,1,2,3,1.83,2,0,4.08
2,3,4,2,1.64,2,3,6.24
2,3,2,2,1.93,1,0,3.66
3,1,4,0,1.58,1,3,2.23
2,1,3,9,1.43,2,3,5.76
3,1,2,20,1.58,3,1,4.45
2,1,3,5,1.65,1,1,0.5
1,2,1,10,1.97,0,1,0.5
1,2,2,12,1.92,1,0,1.02
3,3,1,24,1.82,0,3,6.07
1,2,2,8,1.49,1,2,1.96
2,3,1,16,0.58,2,0,6.67
2,1,4,6,1.3,1,3,1.48
4,2,3,3,0.52,0,0,4.46
2,1,4,18,0.54,1,2,1.07
1,1,2,3,1.02,1,3,2.97
1,1,4,21,1.96,2,1,0.5
3,2,4,5,1.63,0,0,0.5
4,1,4,13,1.93,0,1,0.97
4,2,3,21,1.01,2,0,6.47
3,2,3,13,1.23,0,3,4.51
1,3,1,9,0.9,0,1,0.5
1,3,2,23,1.61,0,2,0.5
3,2,1,17,1.88,1,1,3.09
2,2,3,6,1.71,0,3,2.93
4,2,4,23,1.02,2,3,7.41
1,2,4,10,0.58,3,2,5.38
4,1,1,21,1.53,0,0,3.77
3,3,1,0,1.87,3,1,5.11
4,2,2,0,1.52,0,2,4.01
1,1,2,10,1.06,0,1,0.5
2,1,2,10,1.78,2,1,3.21
2,3,3,9,1.61,3,3,8.65
2,3,1,4,0.51,3,0,7.62
4,3,3,3,1.94,2,2,6.31
4,3,1,25,0.66,2,2,7.96
4,3,1,24,1.68,3,1,8.03
3,2,3,24,0.95,2,2,4.54
4,2,3,16,1.03,2,2,6.99
2,2,1,24,0.64,1,3,5.19
2,1,2,6,1.19,0,1,0.5
3,1,4,11,0.82,3,3,8.04
3,3,3,7,0.76,2,3,8.35
2,3,4,22,1.6,3,3,7.02
1,2,2,1,1.08,3,0,5.27
3,1,4,24,0.51,0,3,1.89
4,3,3,17,1.69,2,2,5.71
4,3,4,22,1.79,1,0,4.55
2,2,2,0,0.72,3,3,7.1
2,3,2,2,1.63,3,1,5.86
1,3,4,11,1.87,1,3,3.22
1,3,3,8,1.22,3,3,7.31
2,1,1,3,1.69,2,2,5.78
4,1,2,14,1.74,3,0,6.34
3,2,1,11,1.03,1,1,1.68
4,2,3,25,0.74,0,3,5.34
4,2,3,6,0.67,1,0,4.01
1,3,4,16,1.6,2,1,3.42
1,2,3,11,0.6,0,2,0.5
1,1,4,9,0.66,1,2,0.88
4,2,3,6,0.82,2,0,5.5
2,2,4,2,1.71,1,3,2.15
1,3,1,24,1.72,2,2,6.01
3,1,1,2,1.76,2,2,6.13
4,3,3,10,1.7,0,1,1.79
3,3,2,10,1.31,2,3,8.92
4,2,3,12,0.96,1,1,2.88
3,1,4,2,1.87,2,1,2.15
4,1,4,20,1.28,0,0,2.48
4,1,2,16,0.79,0,2,2.27
4,3,1,5,1.79,0,1,3.62
2,3,3,21,0.69,1,1,0.5
3,1,3,9,1.57,0,2,0.91
4,1,3,11,1.03,1,2,3.7
3,2,3,16,1.81,3,1,5.62
4,3,1,10,0.86,0,1,4.78
1,1,2,9,0.89,2,2,4.58
2,1,1,9,1.07,0,0,1.06
1,1,4,2,1.84,3,2,2.78
1,2,2,21,1.99,1,1,0.5
1,2,2,3,1.16,1,3,3.67
2,1,4,1,0.98,2,3,4.26
1,1,1,21,1.12,1,0,0.5
4,2,2,25,1.81,1,3,4.72
3,2,2,16,1.22,0,1,2.04
3,1,4,16,1.79,3,2,4.8
1,2,3,23,1.07,2,3,6.12
4,2,4,16,2.0,1,1,1.92
3,1,2,7,1.44,1,2,3.26
3,1,3,19,0.97,3,1,3.36
2,1,2,17,0.59,0,3,3.43
2,1,2,24,0.69,3,3,7.02
1,3,4,10,1.38,2,2,3.24
4,2,1,3,1.23,1,3,6.83
1,1,3,7,1.61,0,2,0.5
4,2,4,24,0.52,3,3,8.13
2,3,4,4,0.98,1,2,2.65
3,2,2,11,1.93,2,0,3.44
1,1,1,21,0.61,3,2,5.32
2,1,1,3,1.94,0,0,0.83
1,3,4,8,1.19,1,1,0.5
3,2,3,7,0.74,0,1,1.66
3,2,4,16,0.51,1,1,1.32
4,2,1,13,0.65,1,1,2.24
2,1,3,19,1.11,0,2,0.71
2,3,1,11,1.79,2,2,4.59
3,3,4,2,1.04,0,0,0.85
3,1,2,3,0.92,0,2,3.28
4,1,4,13,1.84,3,3,7.81
1,2,2,20,1.23,2,3,6.32
2,3,1,14,0.87,2,3,8.29
1,1,2,19,1.69,2,1,0.5
4,2,4,11,1.76,2,3,6.57
1,2,1,5,1.09,3,1,4.65
4,1,4,0,0.64,0,1,0.64
1,2,3,20,1.71,0,1,0.5
2,2,4,6,0.71,2,0,2.93
3,2,1,10,0.58,3,0,7.72
3,3,1,19,1.86,1,3,5.51
1,3,4,6,0.85,2,1,2.86
3,3,1,12,1.41,2,1,3.75
3,1,4,5,1.36,2,2,5.97
1,2,3,19,1.88,1,3,2.52
3,1,3,17,1.49,0,0,0.65
4,3,4,12,0.74,1,3,6.44
3,1,4,23,1.52,2,0,2.41
1,3,4,7,0.62,1,0,1.76
4,1,3,5,1.1,1,0,4.2
4,3,1,13,0.71,3,1,8.44
3,3,2,23,0.77,3,1,5.58
4,2,3,20,1.37,3,1,6.32
3,3,2,7,1.24,0,1,1.98
4,3,2,16,0.52,0,2,3.77
1,2,1,23,0.61,3,1,2.69
2,3,2,25,0.71,1,3,5.76
1,1,1,21,0.8,3,3,5.76
2,2,4,19,0.94,3,1,3.9
3,2,2,25,1.02,1,1,1.65
3,1,2,5,0.52,2,3,6.97
2,3,4,2,1.0,1,1,1.96
3,3,1,10,1.78,0,1,3.2
3,1,3,8,1.02,2,0,4.72
4,2,1,15,1.42,3,1,6.68
1,1,2,13,1.56,0,1,0.5
1,1,3,12,1.64,2,2,3.0
3,1,2,24,1.03,1,2,4.34
2,3,1,12,1.56,2,3,6.45
2,1,2,21,0.98,1,3,4.87
1,2,1,1,1.37,1,1,1.43
4,3,1,19,1.58,2,1,5.63
3,1,3,8,0.71,3,0,3.89
1,1,3,9,1.25,0,0,0.5
2,3,1,10,1.86,1,3,3.95
4,1,2,15,1.88,2,3,6.98
1,3,1,14,0.62,3,2,6.89
3,3,1,21,0.73,0,3,5.58
1,1,3,16,0.82,3,2,5.26
4,3,4,3,1.58,1,2,4.33
4,1,3,5,1.08,3,2,7.07
4,1,4,25,1.89,3,2,6.77
1,3,3,24,1.43,0,2,0.5
3,1,4,11,1.26,2,2,4.58
1,3,1,13,0.63,0,1,0.5
4,3,4,4,1.72,0,1,3.25
2,1,1,1,1.29,1,2,1.5
2,2,1,14,1.73,2,2,5.17
4,3,1,4,0.78,1,0,5.75
1,1,4,24,1.18,0,3,1.12
4,3,2,5,1.63,0,1,1.74
4,3,2,24,0.76,2,1,7.53
2,1,4,10,1.42,1,0,0.5
4,2,2,2,1.83,1,2,5.39
4,2,4,2,1.63,1,0,3.11
4,2,1,15,1.06,2,0,6.8
3,2,2,8,0.81,1,1,1.87
1,1,3,20,0.7,1,1,0.5
4,2,2,13,1.48,2,0,6.81
1,1,1,22,0.77,2,3,4.94
3,3,3,8,1.45,1,2,5.27
1,2,3,5,0.76,2,3,6.46
2,3,3,20,0.67,0,3,2.71
4,3,4,17,1.35,2,1,5.93
2,1,4,5,1.29,2,0,3.16
1,3,1,17,1.11,2,0,3.59
2,2,3,8,0.95,3,2,6.42
3,2,4,13,1.02,2,0,4.52
2,1,1,3,1.32,3,0,3.91
2,1,1,6,0.53,2,1,4.17
2,2,3,11,1.37,1,3,2.3
2,2,3,23,1.78,2,2,4.89
4,2,1,3,1.8,1,2,3.96
4,2,1,24,1.76,0,2,2.6
3,1,1,19,0.6,2,0,5.53
2,2,4,17,1.53,0,2,0.5
4,3,1,22,1.8,2,3,8.0
2,2,4,7,1.61,1,2,1.36
2,1,1,17,1.18,1,3,4.94
2,1,1,7,1.67,1,3,4.75
1,3,4,15,1.68,0,1,0.5
4,1,3,11,0.78,0,3,5.24
1,3,3,6,1.17,0,3,3.41
1,2,1,1,1.47,2,3,4.66
2,2,4,10,1.55,0,2,2.15
4,2,4,7,1.32,0,1,1.37
4,3,1,16,1.38,2,0,6.37
4,1,3,1,1.52,3,1,5.75
2,2,1,24,1.78,2,2,4.85
1,2,3,7,0.72,0,2,1.16
4,1,4,11,0.7,3,1,3.67
3,3,3,24,1.49,3,3,8.86
2,2,1,14,1.06,1,3,5.5
4,2,4,13,1.65,3,1,5.09
2,3,3,11,1.28,3,1,4.13
2,1,3,8,0.96,1,3,3.91
2,1,4,2,1.99,0,1,0.5
4,2,2,14,1.65,1,1,2.74
4,3,2,18,0.95,3,0,7.85
1,3,2,1,1.33,3,3,6.11
4,3,2,9,1.01,2,0,5.93
2,2,4,2,1.21,0,0,1.03
3,2,1,10,1.97,0,3,2.66
3,3,4,21,1.9,2,3,5.81
4,3,4,14,0.64,3,1,6.47
2,3,3,20,1.6,2,1,2.6
3,1,1,0,1.61,2,2,5.74
3,3,4,5,1.49,2,2,6.77
1,3,1,19,1.73,0,3,3.79
4,2,1,20,1.15,0,0,2.9
2,2,2,20,1.6,3,2,5.65
4,3,4,4,1.64,1,0,5.1
1,1,4,25,1.8,3,2,3.7
4,3,1,2,1.12,3,2,10.24
2,1,4,8,1.8,0,3,0.93
4,1,3,25,1.58,3,1,5.31
3,2,2,8,1.1,1,0,4.28
1,3,4,7,1.34,3,3,5.5
2,3,4,20,0.7,1,2,2.65
3,3,1,10,0.52,3,0,8.94
4,2,4,21,1.44,1,0,4.07
1,1,4,22,0.89,2,1,0.5
2,2,3,19,1.62,0,2,0.9
4,3,3,14,1.94,1,1,1.63
3,2,4,17,0.72,3,0,4.96
2,2,3,5,1.72,0,1,0.5
1,2,2,15,1.52,0,2,2.38
4,3,3,25,1.69,0,1,1.42
2,3,1,25,1.41,2,2,7.09
4,1,4,20,1.61,2,1,4.95
3,1,4,21,0.87,3,1,4.26
4,1,3,21,0.56,2,3,6.57
3,2,2,19,1.66,3,3,7.22
1,1,1,12,0.79,0,2,1.62
4,3,2,22,1.15,1,3,6.39
2,1,2,17,1.28,0,2,1.74
3,3,4,25,1.71,3,2,7.2
1,3,1,16,1.61,1,2,2.45
4,3,4,17,0.92,1,3,7.39
4,2,2,22,0.55,3,2,7.42
2,2,4,6,1.14,0,3,2.12
1,3,1,6,1.85,2,1,1.58
1,2,3,21,1.94,3,0,3.6
2,2,2,23,1.39,1,2,4.27
1,1,4,3,1.58,2,2,2.05
2,1,1,3,0.94,0,2,0.5
2,2,3,16,1.64,1,1,0.5
2,2,1,5,1.25,0,2,2.31
3,1,1,17,1.97,0,1,0.5
4,2,1,6,1.19,0,0,3.51
1,2,3,20,1.85,0,3,1.77
4,3,1,14,1.85,2,0,6.27
2,3,3,4,1.68,3,0,3.72
2,3,1,1,1.81,0,3,2.89
1,3,4,4,1.68,2,3,4.46
2,1,2,19,0.73,1,3,3.89
4,1,4,5,0.51,2,0,5.84
4,3,3,21,1.53,1,1,4.26
3,3,1,9,1.68,0,3,4.93
1,2,2,23,1.87,2,1,0.5
3,1,1,14,0.73,0,2,1.67
2,1,1,19,0.82,1,3,2.63
2,3,2,4,1.04,0,0,3.13
4,2,1,8,1.12,3,1,7.15
2,3,3,25,1.1,2,3,7.11
3,2,2,12,1.42,3,1,6.02
4,1,2,8,1.82,2,3,5.62
3,3,1,18,1.57,0,3,4.29
2,2,3,10,1.17,1,2,3.26
2,1,1,13,1.81,0,3,2.32
1,1,2,23,1.98,3,0,3.44
3,1,1,10,1.52,2,0,3.9
1,2,3,0,0.72,1,2,2.44
1,2,4,15,0.61,1,2,3.23
4,3,2,12,0.69,1,1,4.06
4,3,2,13,1.6,3,2,8.38
1,2,2,23,1.31,2,1,1.39
3,1,1,19,1.84,3,2,6.83
1,3,3,19,0.81,2,1,1.22
4,2,1,0,0.59,1,3,7.49
4,3,2,20,0.66,3,3,10.36
3,2,1,8,0.97,1,2,5.97
3,2,4,12,1.15,3,1,3.63
